precinct,address,lon,lat
1,214 w 11 st,-74.00179834,40.73629181
1,36 perry st,-74.00249384,40.73546432
1,160 leroy st,-74.01001166,40.73019354
1,228 bleecker st,-74.00254209,40.73010291
1,201 varick st,-74.00627211,40.7283317
1,144 w houston st,-74.00172497,40.72816091
1,45 king st,-74.00466543,40.72803462
1,25 king st,-74.00377606,40.72791704
1,23 king st,-74.00368738,40.72790853
1,183 varick st,-74.00592063,40.72772751
1,350 hudson st,-74.00684186,40.72764954
1,350 hudson st,-74.00684186,40.72764954
1,350 hudson st,-74.00684186,40.72764954
1,110 w houston st,-74.00060131,40.72763788
1,44 king st,-74.00447887,40.72756336
1,108 w houston st,-74.00055189,40.72755856
1,32 king st,-74.00402303,40.72752117
1,20 king st,-74.00355381,40.72747774
1,94 w houston st,-74.00001413,40.72734196
1,92 w houston st,-73.99995578,40.72731317
1,33 charlton st,-74.00454245,40.72728751
1,333 hudson st,-74.00768694,40.72713454
1,333 hudson st,-74.00768694,40.72713454
1,142 sullivan st,-74.00220452,40.72711807
1,141 sullivan st,-74.00173481,40.72686713
1,40 charlton st,-74.00484091,40.72686476
1,40 charlton st,-74.00484091,40.72686476
1,134 sullivan st,-74.00232076,40.72685028
1,30 charlton st,-74.00445338,40.72682718
1,20 charlton st,-74.00409985,40.7267929
1,20 charlton st,-74.00409985,40.7267929
1,20 charlton st,-74.00409985,40.7267929
1,160 varick st,-74.00521534,40.72673699
1,160 varick st,-74.00521534,40.72673699
1,160 varick st,-74.00521534,40.72673699
1,160 varick st,-74.00521534,40.72673699
1,160 varick st,-74.00521534,40.72673699
1,160 varick st,-74.00521534,40.72673699
1,140 ompson st,-74.00075773,40.72663245
1,27 vaam st,-74.00484919,40.72658314
1,17 vaam st,-74.00444951,40.72654439
1,17 vaam st,-74.00444951,40.72654439
1,17 vaam st,-74.00444951,40.72654439
1,11 vaam st,-74.00418747,40.72651898
1,179 prince st,-74.00187561,40.72649085
1,155 wooster st,-73.99954995,40.72639996
1,460 w bway,-74.00069166,40.72639494
1,184 prince st,-74.00215321,40.7262843
1,184 prince st,-74.00215321,40.7262843
1,149 wooster st,-73.99967112,40.72625687
1,149 wooster st,-73.99967112,40.72625687
1,149 wooster st,-73.99967112,40.72625687
1,125 sullivan st,-74.00229154,40.72625679
1,125 sullivan st,-74.00229154,40.72625679
1,125 sullivan st,-74.00229154,40.72625679
1,625 bway,-73.9967539,40.72616384
1,147 wooster st,-73.99976799,40.72614247
1,30 vaam st,-74.00497814,40.72613814
1,30 vaam st,-74.00497814,40.72613814
1,143 greene st,-73.99876973,40.7260596
1,150 varick st,-74.00531978,40.72601441
1,117 sullivan st,-74.00244322,40.7260033
1,110 sullivan st,-74.00307822,40.72599446
1,139 wooster st,-74.00010111,40.72592545
1,233 spring st,-74.00475084,40.72591548
1,233 spring st,-74.00475084,40.72591548
1,233 spring st,-74.00475084,40.72591548
1,160 prince st,-74.00150534,40.72590052
1,33 bleecker st,-73.99375754,40.72582522
1,300 spring st,-74.00797756,40.72572491
1,300 spring st,-74.00797756,40.72572491
1,110 ompson st,-74.00168679,40.72569509
1,100 sullivan st,-74.00332666,40.72569204
1,131 prince st,-74.00027367,40.72565829
1,430 w bway,-74.00147,40.72552384
1,430 w bway,-74.00147,40.72552384
1,430 w bway,-74.00147,40.72552384
1,121 greene st,-73.99928247,40.72545414
1,121 greene st,-73.99928247,40.72545414
1,97 sullivan st,-74.00297718,40.72544526
1,130 prince st,-74.00050657,40.72533877
1,597 bway,-73.99747284,40.72531138
1,191 spring st,-74.00292177,40.72529053
1,187 spring st,-74.00280492,40.72525504
1,187 spring st,-74.00280492,40.72525504
1,128 wooster st,-74.00006027,40.72524318
1,486 greenwich st,-74.00944497,40.72522386
1,31 renwick st,-74.00866219,40.72522154
1,31 renwick st,-74.00866219,40.72522154
1,31 renwick st,-74.00866219,40.72522154
1,261 hudson st,-74.00807292,40.72517019
1,204 spring st,-74.00371702,40.72515955
1,115 wooster st,-74.00070976,40.72513129
1,22 renwick st,-74.00830831,40.72499798
1,173 spring st,-74.00225223,40.72498081
1,196 spring st,-74.00327901,40.72497965
1,112 prince st,-73.99965836,40.72496302
1,200 spring st,-74.00340958,40.72496062
1,38 dominick st,-74.00682779,40.72491618
1,113 greene st,-73.9997848,40.72486008
1,579 bway,-73.99787081,40.72484672
1,413 w bway,-74.00136918,40.72477562
1,413 w bway,-74.00136918,40.72477562
1,83 sullivan st,-74.00347938,40.72474684
1,107 greene st,-73.99988386,40.72474028
1,107 greene st,-73.99988386,40.72474028
1,255 hudson st,-74.00818533,40.72470672
1,79 ompson st,-74.00297622,40.72470115
1,81 sullivan st,-74.00353038,40.72468649
1,100 prince st,-73.99906438,40.72462997
1,79 sullivan st,-74.00357959,40.72462848
1,96 prince st,-73.99891527,40.72460371
1,73 ompson st,-74.00316215,40.72459515
1,170 spring st,-74.00239914,40.72458013
1,77 sullivan st,-74.00362637,40.72457334
1,103 greene st,-74.00002981,40.72456736
1,456 washington st,-74.01065214,40.72446636
1,133 mercer st,-73.99897917,40.72446588
1,133 mercer st,-73.99897917,40.72446588
1,133 mercer st,-73.99897917,40.72446588
1,133 mercer st,-73.99897917,40.72446588
1,71 sullivan st,-74.00377427,40.72439902
1,472 greenwich st,-74.00963824,40.72436849
1,100 wooster st,-74.00060113,40.72435325
1,100 wooster st,-74.00060113,40.72435325
1,100 wooster st,-74.00060113,40.72435325
1,100 wooster st,-74.00060113,40.72435325
1,100 wooster st,-74.00060113,40.72435325
1,67 sullivan st,-74.00382279,40.72434184
1,139 spring st,-74.00083586,40.72425868
1,59 ompson st,-74.00349686,40.72420829
1,59 ompson st,-74.00349686,40.72420829
1,98 greene st,-73.99973124,40.72417499
1,96 greene st,-73.99978,40.72411703
1,129 spring st,-74.000418,40.72404932
1,388 w bway,-74.0026819,40.72403107
1,115 mercer st,-73.99944142,40.72399159
1,131 watts st,-74.00967059,40.72399134
1,92 greene st,-73.99975837,40.72397085
1,462 greenwich st,-74.00972712,40.72385702
1,73 wooster st,-74.00196313,40.72381742
1,109 spring st,-73.99966543,40.72370226
1,109 spring st,-73.99966543,40.72370226
1,109 spring st,-73.99966543,40.72370226
1,521 broome st,-74.00400544,40.72366738
1,374 w bway,-74.00298024,40.72361069
1,552 bway,-73.99777424,40.72360282
1,122 spring st,-74.000298,40.72360156
1,76 wooster st,-74.00132959,40.72356704
1,99 spring st,-73.99930651,40.72346903
1,80 greene st,-74.00034429,40.72345255
1,106 spring st,-73.99991143,40.72336884
1,542 bway,-73.99816842,40.72334263
1,546 bway,-73.99785783,40.72333541
1,437 washington st,-74.01012618,40.72330088
1,437 washington st,-74.01012618,40.72330088
1,67 greene st,-74.00111367,40.72329829
1,67 greene st,-74.00111367,40.72329829
1,450 greenwich st,-74.00983293,40.72327159
1,450 greenwich st,-74.00983293,40.72327159
1,65 greene st,-74.00115524,40.72323705
1,96 spring st,-73.99949259,40.72318623
1,96 spring st,-73.99949259,40.72318623
1,96 spring st,-73.99949259,40.72318623
1,96 spring st,-73.99949259,40.72318623
1,96 spring st,-73.99949259,40.72318623
1,96 spring st,-73.99949259,40.72318623
1,96 spring st,-73.99949259,40.72318623
1,96 spring st,-73.99949259,40.72318623
1,96 spring st,-73.99949259,40.72318623
1,70 greene st,-74.00061136,40.72313628
1,428 washington st,-74.01067001,40.72308883
1,530 bway,-73.99834479,40.72307287
1,23 ompson st,-74.0044669,40.72307165
1,32 ompson st,-74.00389193,40.72301206
1,32 ompson st,-74.00389193,40.72301206
1,32 ompson st,-74.00389193,40.72301206
1,32 ompson st,-74.00389193,40.72301206
1,32 ompson st,-74.00389193,40.72301206
1,32 ompson st,-74.00389193,40.72301206
1,83 mercer st,-74.00029907,40.7229806
1,489 broome st,-74.00273102,40.72293899
1,357 w bway,-74.00299503,40.7229056
1,79 mercer st,-74.00039437,40.72286771
1,355 w bway,-74.00301297,40.72284416
1,350 w bway,-74.00369406,40.72282549
1,350 w bway,-74.00369406,40.72282549
1,350 w bway,-74.00369406,40.72282549
1,44 gra st,-74.00403405,40.72270269
1,43 wooster st,-74.00270755,40.72268245
1,347 w bway,-74.00319544,40.72263057
1,27 gra st,-74.00486787,40.72258928
1,39 vestry st,-74.00917467,40.72252476
1,39 vestry st,-74.00917467,40.72252476
1,458 broome st,-74.00076167,40.72250674
1,37 vestry st,-74.00898391,40.72249766
1,35 vestry st,-74.00890428,40.72248522
1,454 broome st,-74.00060303,40.72242765
1,60 gra st,-74.00332602,40.72240357
1,60 gra st,-74.00332602,40.72240357
1,72 mercer st,-73.99993721,40.72238785
1,72 mercer st,-73.99993721,40.72238785
1,70 laight st,-74.0102019,40.72234037
1,47 greene st,-74.00199161,40.72224845
1,495 bway,-74.0000551,40.72224815
1,165 hudson st,-74.00853969,40.72216311
1,43 ave c,-73.98061287,40.7221583
1,457 broome st,-74.00111802,40.72215158
1,57 gra st,-74.00360753,40.72211596
1,504 bway,-73.99894311,40.72203804
1,71 laight st,-74.01022097,40.72191499
1,33 greene st,-74.00232292,40.72185747
1,399 washington st,-74.01040214,40.72171841
1,408 greenwich st,-74.01011736,40.72164948
1,311 w bway,-74.00378117,40.72163767
1,75 gra st,-74.00265575,40.72161391
1,96 gra st,-74.00170174,40.7215965
1,96 gra st,-74.00170174,40.7215965
1,96 gra st,-74.00170174,40.7215965
1,475 bway,-74.00068246,40.72152323
1,471 bway,-74.00063125,40.72132465
1,431 broome st,-73.99939179,40.72130807
1,40 mercer st,-74.00091997,40.72124423
1,476 bway,-73.99983753,40.72119919
1,19 greene st,-74.00291766,40.72115874
1,472 bway,-74.00007085,40.7211057
1,145 hudson st,-74.00868466,40.72107458
1,145 hudson st,-74.00868466,40.72107458
1,405 greenwich st,-74.00966276,40.72105225
1,29 mercer st,-74.00194124,40.72104722
1,29 mercer st,-74.00194124,40.72104722
1,107 gra st,-74.00138176,40.7209906
1,20 greene st,-74.00244456,40.72097691
1,401 greenwich st,-74.00968494,40.7209166
1,345 canal st,-74.00342224,40.72084199
1,345 canal st,-74.00342224,40.72084199
1,21 mercer st,-74.00212227,40.72083306
1,21 mercer st,-74.00212227,40.72083306
1,185 lafayette st,-73.99833301,40.72061268
1,18 mercer st,-74.00180576,40.72051085
1,5 mercer st,-74.00244893,40.7204466
1,5 mercer st,-74.00244893,40.7204466
1,50 howa st,-74.0018704,40.720384
1,450 bway,-74.00066797,40.7203235
1,53 n moore st,-74.00885844,40.72031214
1,53 n moore st,-74.00885844,40.72031214
1,w bway,-74.00577295,40.72024862
1,w bway,-74.00577295,40.72024862
1,w bway,-74.00577295,40.72024862
1,w bway,-74.00577295,40.72024862
1,w bway,-74.00577295,40.72024862
1,1 mercer st,-74.00254287,40.72012043
1,307 canal st,-74.00213499,40.7200036
1,45 lispena st,-74.00301192,40.71977441
1,315 church st,-74.00377537,40.71977313
1,315 church st,-74.00377537,40.71977313
1,311 church st,-74.00391227,40.71961808
1,44 lispena st,-74.00347356,40.71961394
1,186 franklin st,-74.00963304,40.71959556
1,182 franklin st,-74.00942808,40.71957733
1,182 franklin st,-74.00942808,40.71957733
1,112 hudson st,-74.00836011,40.7195682
1,176 franklin st,-74.00922599,40.71955937
1,176 franklin st,-74.00922599,40.71955937
1,228 w bway,-74.00643682,40.71953699
1,105 hudson st,-74.00900017,40.71952617
1,160 franklin st,-74.00819367,40.71945226
1,152 franklin st,-74.00787554,40.71942191
1,187 franklin st,-74.00983434,40.71928406
1,363 greenwich st,-74.00997089,40.71915589
1,363 greenwich st,-74.00997089,40.71915589
1,363 greenwich st,-74.00997089,40.71915589
1,363 greenwich st,-74.00997089,40.71915589
1,35 walker st,-74.0041627,40.71915146
1,295 church st,-74.00434415,40.71912964
1,295 church st,-74.00434415,40.71912964
1,407 bway,-74.00254775,40.71905566
1,407 bway,-74.00254775,40.71905566
1,153 franklin st,-74.00794535,40.71904981
1,9 white st,-74.00576118,40.71904404
1,9 white st,-74.00576118,40.71904404
1,149 franklin st,-74.00775767,40.71902599
1,217 w bway,-74.00608442,40.71901028
1,20 harrison st,-74.00979458,40.7189449
1,47 walker st,-74.00372018,40.71892065
1,47 walker st,-74.00372018,40.71892065
1,12 harrison st,-74.00951539,40.7189185
1,24 harrison st,-74.00997065,40.7189094
1,211 w bway,-74.00622508,40.71889567
1,408 bway,-74.00181264,40.71878708
1,55 walker st,-74.00338523,40.71878089
1,31 harrison st,-74.0109691,40.71869188
1,106 franklin st,-74.00566002,40.7186636
1,10 leona st,-74.00825636,40.71858319
1,10 leona st,-74.00825636,40.71858319
1,54 white st,-74.00370763,40.71857726
1,54 white st,-74.00370763,40.71857726
1,349 greenwich st,-74.01010215,40.71856271
1,349 greenwich st,-74.01010215,40.71856271
1,5 harrison st,-74.00925839,40.71851563
1,5 harrison st,-74.00925839,40.71851563
1,15 harrison st,-74.00982771,40.7185153
1,7 harrison st,-74.00951322,40.71848003
1,60 white st,-74.00348262,40.71847955
1,345 greenwich st,-74.01009309,40.71843684
1,273 church st,-74.00485989,40.71841577
1,394 bway,-74.00227326,40.71829446
1,190 hester st,-73.99849603,40.71813534
1,97 franklin st,-74.00525309,40.71804596
1,345 chambers st,-74.01384143,40.71801164
1,w bway,-74.00708256,40.71795383
1,w bway,-74.00708256,40.71795383
1,w bway,-74.00708256,40.71795383
1,w bway,-74.00708256,40.71795383
1,119 baxter st,-73.99880239,40.71789366
1,89 franklin st,-74.00497366,40.71787721
1,55 hudson st,-74.00930924,40.71774468
1,55 hudson st,-74.00930924,40.71774468
1,55 hudson st,-74.00930924,40.71774468
1,55 hudson st,-74.00930924,40.71774468
1,77 franklin st,-74.0045265,40.71771123
1,71 franklin st,-74.00435431,40.71763172
1,171 duane st,-74.00967635,40.71755176
1,455 n e ave,-74.01454304,40.71752113
1,455 n e ave,-74.01454304,40.71752113
1,455 n e ave,-74.01454304,40.71752113
1,83 leona st,-74.00476914,40.71749038
1,85 leona st,-74.00469421,40.71745729
1,201 warren st,-74.01367992,40.71714845
1,450 n e ave,-74.01395118,40.71709711
1,315 greenwich st,-74.01051889,40.71693813
1,354 bway,-74.00344782,40.7169142
1,354 bway,-74.00344782,40.7169142
1,134 w bway,-74.00841326,40.71691257
1,154 reade st,-74.01029159,40.71686306
1,154 reade st,-74.01029159,40.71686306
1,155 duane st,-74.00855069,40.7168106
1,150 reade st,-74.01013428,40.71679197
1,137 w bway,-74.00794949,40.71676149
1,146 reade st,-74.00997083,40.71673783
1,300 n e ave,-74.01434675,40.71661429
1,300 n e ave,-74.01434675,40.71661429
1,58 omas st,-74.00728653,40.71659673
1,311 greenwich st,-74.01052054,40.71657149
1,311 greenwich st,-74.01052054,40.71657149
1,134 reade st,-74.0095558,40.71652798
1,16 hudson st,-74.0088636,40.71646876
1,165 chambers st,-74.01047095,40.71636248
1,211 n e ave,-74.01545798,40.71628566
1,325 bway,-74.00496961,40.71623058
1,135 reade st,-74.00974802,40.71622425
1,144 duane st,-74.00797809,40.71611779
1,142 duane st,-74.0078516,40.71606072
1,142 duane st,-74.0078516,40.71606072
1,142 duane st,-74.0078516,40.71606072
1,111 wor st,-74.00349147,40.71605713
1,111 wor st,-74.00349147,40.71605713
1,321 bway,-74.00512175,40.71604985
1,110 reade st,-74.0084645,40.71603869
1,319 bway,-74.00519764,40.71595907
1,295 greenwich st,-74.01074646,40.71586582
1,295 greenwich st,-74.01074646,40.71586582
1,160 chambers st,-74.01037066,40.71581407
1,156 chambers st,-74.01022599,40.71574841
1,315 bway,-74.00538257,40.71573875
1,109 reade st,-74.00861902,40.71570969
1,176 church st,-74.00765044,40.71567136
1,92 warren st,-74.01066887,40.7156328
1,92 warren st,-74.01066887,40.7156328
1,92 warren st,-74.01066887,40.7156328
1,148 chambers st,-74.00991983,40.71560945
1,116 duane st,-74.00676898,40.71557077
1,305 bway,-74.0055998,40.71553166
1,305 bway,-74.0055998,40.71553166
1,80 warren st,-74.01017134,40.71543271
1,80 warren st,-74.01017134,40.71543271
1,299 bway,-74.00590757,40.71517952
1,299 bway,-74.00590757,40.71517952
1,299 bway,-74.00590757,40.71517952
1,299 bway,-74.00590757,40.71517952
1,299 bway,-74.00590757,40.71517952
1,275 greenwich st,-74.01092185,40.71517305
1,275 greenwich st,-74.01092185,40.71517305
1,275 greenwich st,-74.01092185,40.71517305
1,275 greenwich st,-74.01092185,40.71517305
1,275 greenwich st,-74.01092185,40.71517305
1,275 greenwich st,-74.01092185,40.71517305
1,124 chambers st,-74.00886742,40.71512841
1,75 warren st,-74.01029162,40.71501097
1,116 chambers st,-74.00855703,40.71498602
1,48 warren st,-74.00880513,40.71480952
1,71 murray st,-74.01042255,40.7147757
1,69 murray st,-74.01030458,40.71472197
1,67 murray st,-74.01022192,40.71468433
1,57 reade st,-74.00636693,40.71461626
1,96 chambers st,-74.00765783,40.71457715
1,125 barclay st,-74.01295147,40.71457505
1,125 barclay st,-74.01295147,40.71457505
1,125 barclay st,-74.01295147,40.71457505
1,125 barclay st,-74.01295147,40.71457505
1,125 barclay st,-74.01295147,40.71457505
1,125 barclay st,-74.01295147,40.71457505
1,94 chambers st,-74.0075804,40.71454203
1,101 barclay st,-74.01223238,40.71451
1,101 barclay st,-74.01223238,40.71451
1,22 mott st,-73.99853258,40.7144409
1,255 greenwich st,-74.0108695,40.71437028
1,255 greenwich st,-74.0108695,40.71437028
1,255 greenwich st,-74.0108695,40.71437028
1,255 greenwich st,-74.0108695,40.71437028
1,51 murray st,-74.00941435,40.71430691
1,270 bway,-74.00695456,40.71426751
1,280 bway,-74.00565168,40.71423394
1,37 murray st,-74.00892493,40.71405307
1,250 vesey st,-74.01588051,40.7140321
1,250 vesey st,-74.01588051,40.7140321
1,120 church st,-74.00950748,40.71379218
1,120 church st,-74.00950748,40.71379218
1,120 church st,-74.00950748,40.71379218
1,120 church st,-74.00950748,40.71379218
1,120 church st,-74.00950748,40.71379218
1,30 w bway,-74.01117085,40.71377868
1,17 murray st,-74.00804423,40.71369239
1,9 murray st,-74.00784833,40.7136035
1,9 murray st,-74.00784833,40.7136035
1,111 church st,-74.00882938,40.71346256
1,111 church st,-74.00882938,40.71346256
1,253 bway,-74.00740832,40.71343409
1,253 bway,-74.00740832,40.71343409
1,25 park pl,-74.00873762,40.71338726
1,25 park pl,-74.00873762,40.71338726
1,23 park pl,-74.0086266,40.71335469
1,50 park pl,-74.01013454,40.71328714
1,17 park pl,-74.00838651,40.71324541
1,6 murray st,-74.00800112,40.71319592
1,11 park pl,-74.00822529,40.71316283
1,11 park pl,-74.00822529,40.71316283
1,250 bway,-74.00781005,40.71297876
1,99 church st,-74.00903339,40.71277573
1,90 church st,-74.01064064,40.71273487
1,90 church st,-74.01064064,40.71273487
1,233 bway,-74.00832743,40.71245752
1,233 bway,-74.00832743,40.71245752
1,10 barclay st,-74.00914144,40.7122184
1,10 barclay st,-74.00914144,40.7122184
1,10 barclay st,-74.00914144,40.7122184
1,10 barclay st,-74.00914144,40.7122184
1,10 barclay st,-74.00914144,40.7122184
1,10 barclay st,-74.00914144,40.7122184
1,10 barclay st,-74.00914144,40.7122184
1,20 vesey st,-74.00952587,40.71204925
1,20 vesey st,-74.00952587,40.71204925
1,20 vesey st,-74.00952587,40.71204925
1,20 vesey st,-74.00952587,40.71204925
1,20 vesey st,-74.00952587,40.71204925
1,20 vesey st,-74.00952587,40.71204925
1,225 bway,-74.00865038,40.71199231
1,225 bway,-74.00865038,40.71199231
1,225 bway,-74.00865038,40.71199231
1,18 vesey st,-74.00937225,40.71198901
1,18 vesey st,-74.00937225,40.71198901
1,14 vesey st,-74.00921799,40.71191809
1,14 vesey st,-74.00921799,40.71191809
1,217 bway,-74.00885033,40.71174852
1,15 park row,-74.00779048,40.71117542
1,15 park row,-74.00779048,40.71117542
1,15 park row,-74.00779048,40.71117542
1,5 beekman st,-74.00695999,40.71114553
1,5 beekman st,-74.00695999,40.71114553
1,5 beekman st,-74.00695999,40.71114553
1,5 beekman st,-74.00695999,40.71114553
1,5 beekman st,-74.00695999,40.71114553
1,15 ann st,-74.00781465,40.71100728
1,8 spruce st,-74.0056764,40.71096993
1,8 spruce st,-74.0056764,40.71096993
1,132 nassau st,-74.00650465,40.71092894
1,132 nassau st,-74.00650465,40.71092894
1,222 bway,-74.00838748,40.71087281
1,222 bway,-74.00838748,40.71087281
1,222 bway,-74.00838748,40.71087281
1,195 bway,-74.00976218,40.71085166
1,195 bway,-74.00976218,40.71085166
1,195 bway,-74.00976218,40.71085166
1,195 bway,-74.00976218,40.71085166
1,26 ann st,-74.0079618,40.71063583
1,35 ann st,-74.00718273,40.71059621
1,35 ann st,-74.00718273,40.71059621
1,35 ann st,-74.00718273,40.71059621
1,35 ann st,-74.00718273,40.71059621
1,21 dey st,-74.01077541,40.71059611
1,22 cortlat st,-74.01049709,40.71046563
1,22 cortlat st,-74.01049709,40.71046563
1,22 cortlat st,-74.01049709,40.71046563
1,49 ann st,-74.0066705,40.71040551
1,200 bway,-74.00896903,40.71039939
1,200 bway,-74.00896903,40.71039939
1,200 bway,-74.00896903,40.71039939
1,144 fulton st,-74.00857941,40.71038307
1,144 fulton st,-74.00857941,40.71038307
1,142 fulton st,-74.00849837,40.71034209
1,129 fulton st,-74.00738778,40.71032977
1,138 fulton st,-74.00834596,40.710265
1,138 fulton st,-74.00834596,40.710265
1,130 fulton st,-74.00807434,40.71021727
1,125 fulton st,-74.00716016,40.71021579
1,125 fulton st,-74.00716016,40.71021579
1,125 fulton st,-74.00716016,40.71021579
1,125 fulton st,-74.00716016,40.71021579
1,166 william st,-74.00558022,40.71016825
1,166 william st,-74.00558022,40.71016825
1,121 fulton st,-74.00704621,40.71015789
1,121 fulton st,-74.00704621,40.71015789
1,15 john st,-74.00881488,40.7101122
1,320 albany st,-74.01756909,40.71010753
1,100 gold st,-74.00324151,40.71010453
1,119 fulton st,-74.00693371,40.71010071
1,119 fulton st,-74.00693371,40.71010071
1,17 john st,-74.0086653,40.7100218
1,182 bway,-74.00936994,40.71002167
1,182 bway,-74.00936994,40.71002167
1,182 bway,-74.00936994,40.71002167
1,182 bway,-74.00936994,40.71002167
1,90 w st,-74.01425598,40.70999233
1,90 w st,-74.01425598,40.70999233
1,120 fulton st,-74.00756868,40.709913
1,140 washington st,-74.01397254,40.70984781
1,176 bway,-74.00950383,40.70983206
1,176 bway,-74.00950383,40.70983206
1,176 bway,-74.00950383,40.70983206
1,174 bway,-74.00972802,40.70979739
1,174 bway,-74.00972802,40.70979739
1,71 nassau st,-74.00850239,40.70975467
1,71 nassau st,-74.00850239,40.70975467
1,250 s e ave,-74.01613851,40.70974781
1,110 fulton st,-74.00712041,40.7096884
1,170 bway,-74.00983022,40.70953171
1,225 rector pl,-74.0159443,40.70950129
1,225 rector pl,-74.0159443,40.70950129
1,225 rector pl,-74.0159443,40.70950129
1,225 rector pl,-74.0159443,40.70950129
1,160 bway,-74.00975776,40.70930159
1,160 bway,-74.00975776,40.70930159
1,160 bway,-74.00975776,40.70930159
1,160 bway,-74.00975776,40.70930159
1,160 bway,-74.00975776,40.70930159
1,160 bway,-74.00975776,40.70930159
1,160 bway,-74.00975776,40.70930159
1,160 bway,-74.00975776,40.70930159
1,150 bway,-74.01007229,40.70918121
1,150 bway,-74.01007229,40.70918121
1,150 bway,-74.01007229,40.70918121
1,123 washington st,-74.01371158,40.70916147
1,123 washington st,-74.01371158,40.70916147
1,123 washington st,-74.01371158,40.70916147
1,67 liberty st,-74.00981919,40.70906725
1,59 liberty st,-74.00965773,40.70899031
1,59 liberty st,-74.00965773,40.70899031
1,59 liberty st,-74.00965773,40.70899031
1,59 liberty st,-74.00965773,40.70899031
1,90 trinity pl,-74.01246472,40.70897157
1,49 nassau st,-74.00924315,40.70895283
1,115 bway,-74.01147002,40.70893753
1,64 fulton st,-74.00534926,40.70873164
1,64 fulton st,-74.00534926,40.70873164
1,64 fulton st,-74.00534926,40.70873164
1,64 fulton st,-74.00534926,40.70873164
1,64 fulton st,-74.00534926,40.70873164
1,111 bway,-74.01163732,40.70871377
1,280 rector pl,-74.01685823,40.70866687
1,140 bway,-74.01011409,40.70865065
1,140 bway,-74.01011409,40.70865065
1,140 bway,-74.01011409,40.70865065
1,140 bway,-74.01011409,40.70865065
1,140 bway,-74.01011409,40.70865065
1,140 bway,-74.01011409,40.70865065
1,200 rector pl,-74.01639785,40.70847116
1,200 rector pl,-74.01639785,40.70847116
1,265 water st,-74.00134645,40.70839137
1,15 cliff st,-74.00563371,40.70837387
1,21 s e ave,-74.01811686,40.70831323
1,21 s e ave,-74.01811686,40.70831323
1,21 s e ave,-74.01811686,40.70831323
1,33 rector st,-74.01495269,40.70830816
1,49 fulton st,-74.00411611,40.70826639
1,49 fulton st,-74.00411611,40.70826639
1,49 fulton st,-74.00411611,40.70826639
1,120 bway,-74.01051816,40.70821939
1,120 bway,-74.01051816,40.70821939
1,120 bway,-74.01051816,40.70821939
1,120 bway,-74.01051816,40.70821939
1,120 bway,-74.01051816,40.70821939
1,120 bway,-74.01051816,40.70821939
1,120 bway,-74.01051816,40.70821939
1,120 bway,-74.01051816,40.70821939
1,120 bway,-74.01051816,40.70821939
1,90 william st,-74.00747292,40.70807913
1,90 washington st,-74.01484697,40.70807391
1,90 washington st,-74.01484697,40.70807391
1,251 water st,-74.00207698,40.70804336
1,160 s st,-74.00032895,40.70798995
1,100 bway,-74.0111179,40.7079672
1,100 bway,-74.0111179,40.7079672
1,100 bway,-74.0111179,40.7079672
1,100 bway,-74.0111179,40.7079672
1,100 bway,-74.0111179,40.7079672
1,100 bway,-74.0111179,40.7079672
1,100 bway,-74.0111179,40.7079672
1,100 bway,-74.0111179,40.7079672
1,100 bway,-74.0111179,40.7079672
1,100 bway,-74.0111179,40.7079672
1,100 bway,-74.0111179,40.7079672
1,100 bway,-74.0111179,40.7079672
1,2 s e ave,-74.01724336,40.70792322
1,2 s e ave,-74.01724336,40.70792322
1,2 s e ave,-74.01724336,40.70792322
1,2 s e ave,-74.01724336,40.70792322
1,2 s e ave,-74.01724336,40.70792322
1,2 s e ave,-74.01724336,40.70792322
1,2 s e ave,-74.01724336,40.70792322
1,40 fulton st,-74.00475057,40.70788237
1,40 fulton st,-74.00475057,40.70788237
1,40 fulton st,-74.00475057,40.70788237
1,40 fulton st,-74.00475057,40.70788237
1,40 fulton st,-74.00475057,40.70788237
1,24 peck slip,-74.00193756,40.70786875
1,28 liberty st,-74.0091235,40.70776986
1,28 liberty st,-74.0091235,40.70776986
1,28 liberty st,-74.0091235,40.70776986
1,28 liberty st,-74.0091235,40.70776986
1,28 liberty st,-74.0091235,40.70776986
1,28 liberty st,-74.0091235,40.70776986
1,28 liberty st,-74.0091235,40.70776986
1,28 liberty st,-74.0091235,40.70776986
1,28 liberty st,-74.0091235,40.70776986
1,28 liberty st,-74.0091235,40.70776986
1,28 liberty st,-74.0091235,40.70776986
1,18 pine st,-74.00973277,40.70772903
1,117 beekman st,-74.00339893,40.70772656
1,117 beekman st,-74.00339893,40.70772656
1,117 beekman st,-74.00339893,40.70772656
1,117 beekman st,-74.00339893,40.70772656
1,46 trinity pl,-74.01340308,40.7076677
1,46 trinity pl,-74.01340308,40.7076677
1,130 beekman st,-74.0028093,40.70762965
1,99 battery pl,-74.01659321,40.70762447
1,99 battery pl,-74.01659321,40.70762447
1,99 battery pl,-74.01659321,40.70762447
1,99 battery pl,-74.01659321,40.70762447
1,116 john st,-74.00589138,40.70746922
1,2 gold st,-74.00693106,40.70741168
1,2 gold st,-74.00693106,40.70741168
1,2 gold st,-74.00693106,40.70741168
1,2 gold st,-74.00693106,40.70741168
1,2 gold st,-74.00693106,40.70741168
1,40 peck slip,-74.00165555,40.70740662
1,10 liberty st,-74.00819129,40.70736432
1,10 liberty st,-74.00819129,40.70736432
1,10 liberty st,-74.00819129,40.70736432
1,10 liberty st,-74.00819129,40.70736432
1,10 liberty st,-74.00819129,40.70736432
1,10 liberty st,-74.00819129,40.70736432
1,70 battery pl,-74.01770238,40.70730152
1,70 battery pl,-74.01770238,40.70730152
1,70 battery pl,-74.01770238,40.70730152
1,115 s st,-74.00174397,40.70727458
1,133 john st,-74.00498754,40.70717529
1,133 john st,-74.00498754,40.70717529
1,211 front st,-74.00254169,40.70716924
1,61 bway,-74.01283498,40.70710479
1,61 bway,-74.01283498,40.70710479
1,62 william st,-74.00846979,40.70709788
1,62 william st,-74.00846979,40.70709788
1,70 battery pl,-74.01696177,40.70697595
1,70 battery pl,-74.01696177,40.70697595
1,199 water st,-74.00436975,40.70686176
1,160 water st,-74.00587581,40.70680573
1,160 water st,-74.00587581,40.70680573
1,52 william st,-74.00891548,40.70671162
1,52 william st,-74.00891548,40.70671162
1,45 bway,-74.01326548,40.70654361
1,52 bway,-74.01227279,40.70648528
1,52 bway,-74.01227279,40.70648528
1,21 w st,-74.01553263,40.7063833
1,175 water st,-74.00512865,40.70636166
1,175 water st,-74.00512865,40.70636166
1,175 water st,-74.00512865,40.70636166
1,175 water st,-74.00512865,40.70636166
1,175 water st,-74.00512865,40.70636166
1,39 bway,-74.0134281,40.70634434
1,39 bway,-74.0134281,40.70634434
1,60 wall st,-74.00850393,40.7062429
1,60 wall st,-74.00850393,40.7062429
1,60 wall st,-74.00850393,40.7062429
1,50 bway,-74.0124391,40.70623284
1,20 w st,-74.01560984,40.70618413
1,40 broad st,-74.01178664,40.70602141
1,42 bway,-74.01259362,40.70598918
1,165 front st,-74.00477648,40.70596993
1,72 wall st,-74.00790177,40.70596276
1,72 wall st,-74.00790177,40.70596276
1,72 wall st,-74.00790177,40.70596276
1,25 broad st,-74.0107656,40.70592113
1,25 broad st,-74.0107656,40.70592113
1,170 john st,-74.00427928,40.70590997
1,85 s st,-74.00443846,40.7058599
1,85 s st,-74.00443846,40.7058599
1,85 s st,-74.00443846,40.7058599
1,130 water st,-74.00724248,40.7057754
1,130 water st,-74.00724248,40.7057754
1,25 bway,-74.01399971,40.70576193
1,160 pearl st,-74.00747237,40.70572268
1,40 exchange pl,-74.01028602,40.70568763
1,63 wall st,-74.00877464,40.70562939
1,63 wall st,-74.00877464,40.70562939
1,63 wall st,-74.00877464,40.70562939
1,67 wall st,-74.00839714,40.70554663
1,20 exchange pl,-74.00956757,40.70546116
1,20 exchange pl,-74.00956757,40.70546116
1,100 wall st,-74.00675215,40.7052465
1,100 wall st,-74.00675215,40.7052465
1,82 beaver st,-74.00853109,40.70521609
1,76 beaver st,-74.00884949,40.70513317
1,129 front st,-74.00606584,40.7051015
1,129 front st,-74.00606584,40.7051015
1,129 front st,-74.00606584,40.7051015
1,129 front st,-74.00606584,40.7051015
1,129 front st,-74.00606584,40.7051015
1,129 front st,-74.00606584,40.7051015
1,129 front st,-74.00606584,40.7051015
1,129 front st,-74.00606584,40.7051015
1,75 wall st,-74.00811757,40.70504207
1,1 bway,-74.01445234,40.70495015
1,110 wall st,-74.00635178,40.70491098
1,110 wall st,-74.00635178,40.70491098
1,110 wall st,-74.00635178,40.70491098
1,110 wall st,-74.00635178,40.70491098
1,44 beaver st,-74.01078121,40.70490471
1,44 beaver st,-74.01078121,40.70490471
1,20 beaver st,-74.01228887,40.70482074
1,126 pearl st,-74.00859459,40.70480844
1,126 pearl st,-74.00859459,40.70480844
1,126 pearl st,-74.00859459,40.70480844
1,126 pearl st,-74.00859459,40.70480844
1,126 pearl st,-74.00859459,40.70480844
1,126 pearl st,-74.00859459,40.70480844
1,9 s william st,-74.01026873,40.70458134
1,80 broad st,-74.0118496,40.70431143
1,80 broad st,-74.0118496,40.70431143
1,80 broad st,-74.0118496,40.70431143
1,80 broad st,-74.0118496,40.70431143
1,80 broad st,-74.0118496,40.70431143
1,80 broad st,-74.0118496,40.70431143
1,111 wall st,-74.00699584,40.7042661
1,111 wall st,-74.00699584,40.7042661
1,111 wall st,-74.00699584,40.7042661
1,111 wall st,-74.00699584,40.7042661
1,77 water st,-74.0081967,40.70422791
1,88 broad st,-74.01186204,40.70410677
1,77 pearl st,-74.01049218,40.70404356
1,85 broad st,-74.01105206,40.70399261
1,1 whitehall st,-74.01275643,40.70380882
1,1 whitehall st,-74.01275643,40.70380882
1,1 whitehall st,-74.01275643,40.70380882
1,1 whitehall st,-74.01275643,40.70380882
1,1 whitehall st,-74.01275643,40.70380882
1,1 whitehall st,-74.01275643,40.70380882
1,77 front st,-74.00769035,40.70380867
1,90 broad st,-74.01194943,40.7038069
1,80 pearl st,-74.01007381,40.70377556
1,76 pearl st,-74.01033511,40.70370913
1,42 water st,-74.01017606,40.70355946
1,60 pearl st,-74.01108678,40.70344237
1,60 pearl st,-74.01108678,40.70344237
1,60 pearl st,-74.01108678,40.70344237
1,33 whitehall st,-74.01267998,40.70338532
1,33 whitehall st,-74.01267998,40.70338532
1,33 whitehall st,-74.01267998,40.70338532
1,33 whitehall st,-74.01267998,40.70338532
1,33 whitehall st,-74.01267998,40.70338532
1,33 whitehall st,-74.01267998,40.70338532
1,30 water st,-74.01101932,40.70328957
1,105 broad st,-74.01135007,40.7031724
1,105 broad st,-74.01135007,40.7031724
1,32 pearl st,-74.01229842,40.70312135
1,125 broad st,-74.01060556,40.70226757
1,125 broad st,-74.01060556,40.70226757
1,125 broad st,-74.01060556,40.70226757
1,1 s st,-74.01438465,40.70094117
1,10 s st,-74.01177681,40.70089626
2,122 e 13 st,-73.9888902,40.7328607
2,180 varick st,-74.0051346,40.72748454
2,322 e 6 st,-73.98753625,40.72673872
2,141 wooster st,-73.99986591,40.726027
2,140 crosby st,-73.99631395,40.72508604
2,589 bway,-73.99768964,40.72505532
2,579 bway,-73.99787081,40.72484672
2,114 greene st,-73.99926606,40.72471245
2,584 bway,-73.99689307,40.72459781
2,584 bway,-73.99689307,40.72459781
2,47 e houston st,-73.99478441,40.72459397
2,288 mulberry st,-73.99493466,40.72452752
2,580 bway,-73.99703165,40.72443466
2,284 mulberry st,-73.99490551,40.7244319
2,280 mulberry st,-73.99495555,40.72432775
2,565 bway,-73.99814386,40.72425817
2,278 mulberry st,-73.99499257,40.72425071
2,280 mott st,-73.99416617,40.72416802
2,278 mott st,-73.99418487,40.72409755
2,285 lafayette st,-73.99572036,40.72406601
2,285 lafayette st,-73.99572036,40.72406601
2,285 lafayette st,-73.99572036,40.72406601
2,274 mott st,-73.99422942,40.72401329
2,281 lafayette st,-73.9959821,40.72393004
2,281 lafayette st,-73.9959821,40.72393004
2,281 lafayette st,-73.9959821,40.72393004
2,280 bowery,-73.99306867,40.72391468
2,260 elizabe st,-73.993443,40.72384037
2,547 bway,-73.99876616,40.72378054
2,261 mulberry st,-73.99574289,40.72373651
2,254 elizabe st,-73.99350915,40.72370031
2,68 prince st,-73.9968746,40.7236917
2,68 prince st,-73.9968746,40.7236917
2,558 bway,-73.99760014,40.72367464
2,49 prince st,-73.99585885,40.72361917
2,552 bway,-73.99777424,40.72360282
2,256 mott st,-73.99442433,40.72353994
2,245 elizabe st,-73.99411461,40.72342922
2,542 bway,-73.99816842,40.72334263
2,242 elizabe st,-73.99365302,40.72330407
2,261 bowery,-73.99251168,40.72327597
2,91 crosby st,-73.99712534,40.7232344
2,259 bowery,-73.99253684,40.72321365
2,255 bowery,-73.99258614,40.72308555
2,530 bway,-73.99834479,40.72307287
2,530 bway,-73.99834479,40.72307287
2,248 mulberry st,-73.99566754,40.72302725
2,215 chrystie st,-73.9919817,40.72302481
2,79 crosby st,-73.9973959,40.72299281
2,243 mulberry st,-73.9961444,40.7229571
2,489 broome st,-74.00273102,40.72293899
2,246 bowery,-73.99344483,40.72289305
2,242 lafayette st,-73.99715167,40.72287095
2,208 forsy st,-73.99025808,40.72282516
2,157 e houston st,-73.9892059,40.72281223
2,75 spring st,-73.99767998,40.722778
2,26 prince st,-73.99472584,40.72271748
2,24 prince st,-73.99464655,40.72269381
2,24 prince st,-73.99464655,40.72269381
2,236 mulberry st,-73.9957215,40.72264753
2,232 mulberry st,-73.9957732,40.72251428
2,230 mulberry st,-73.99579827,40.72244961
2,514 bway,-73.99860127,40.72243853
2,514 bway,-73.99860127,40.72243853
2,223 mulberry st,-73.99630813,40.72241707
2,2 prince st,-73.99365988,40.72238732
2,2 prince st,-73.99365988,40.72238732
2,55 spring st,-73.99662289,40.72234701
2,55 spring st,-73.99662289,40.72234701
2,51 greene st,-74.001916,40.72233768
2,203 chrystie st,-73.99199188,40.72231942
2,56 crosby st,-73.99878542,40.72231841
2,56 crosby st,-73.99878542,40.72231841
2,56 crosby st,-73.99878542,40.72231841
2,226 bowery,-73.99368511,40.72226256
2,226 bowery,-73.99368511,40.72226256
2,226 bowery,-73.99368511,40.72226256
2,226 bowery,-73.99368511,40.72226256
2,226 lafayette st,-73.99745664,40.72225269
2,215 mulberry st,-73.99640457,40.72217244
2,195 chrystie st,-73.99233148,40.72215963
2,41 spring st,-73.99591101,40.72215165
2,41 spring st,-73.99591101,40.72215165
2,222 bowery,-73.99373362,40.72212958
2,225 lafayette st,-73.99695698,40.72200354
2,225 lafayette st,-73.99695698,40.72200354
2,41 spring st,-73.99596877,40.72199573
2,202 elizabe st,-73.99418138,40.72195314
2,52 spring st,-73.99663057,40.72186489
2,52 spring st,-73.99663057,40.72186489
2,50 spring st,-73.99654354,40.72183798
2,29 spring st,-73.99551736,40.72182587
2,31 spring st,-73.99557314,40.72182551
2,187 chrystie st,-73.9923083,40.72182252
2,212 lafayette st,-73.99793408,40.72181906
2,48 spring st,-73.99645515,40.72181092
2,45 crosby st,-73.9984215,40.72176909
2,219 bowery,-73.99308216,40.72175652
2,219 bowery,-73.99308216,40.72175652
2,183 chrystie st,-73.99235381,40.72172603
2,4 rivington st,-73.99288931,40.72165849
2,181 chrystie st,-73.99239938,40.721628
2,8 rivington st,-73.99271235,40.72158244
2,190 elizabe st,-73.99432572,40.7215741
2,190 elizabe st,-73.99432572,40.7215741
2,204 bowery,-73.99394891,40.72155451
2,32 spring st,-73.99573666,40.72151491
2,202 bowery,-73.99396893,40.72150117
2,174 forsy st,-73.99093844,40.72149132
2,203 mott st,-73.99564813,40.72148173
2,473 bway,-74.00073429,40.72146211
2,195 mulberry st,-73.99673878,40.72142334
2,209 bowery,-73.9931721,40.72132379
2,196 bowery,-73.99404349,40.72130261
2,199 mott st,-73.99588235,40.72125643
2,207 bowery,-73.99327795,40.72123208
2,7 rivington st,-73.99287378,40.72121979
2,20 spring st,-73.9951355,40.7212165
2,20 spring st,-73.9951355,40.7212165
2,476 bway,-73.99983753,40.72119919
2,200 mott st,-73.99537129,40.72119013
2,14 spring st,-73.99490368,40.72114759
2,161 allen st,-73.98981754,40.72114629
2,15 rivington st,-73.99261632,40.72114302
2,40 rivington st,-73.99107791,40.72111585
2,199 bowery,-73.99325997,40.72103851
2,25 mercer st,-74.00202626,40.72094665
2,184 mulberry st,-73.99640636,40.72093894
2,151 allen st,-73.98993787,40.7209113
2,54 rivington st,-73.99042335,40.72088917
2,54 rivington st,-73.99042335,40.72088917
2,186 bowery,-73.99421261,40.72088777
2,197 bowery,-73.99332113,40.7208725
2,56 rivington st,-73.9903442,40.72086534
2,184 bowery,-73.99423652,40.72082199
2,184 bowery,-73.99423652,40.72082199
2,462 bway,-74.00009029,40.72080748
2,180 mulberry st,-73.99646049,40.72077335
2,180 bowery,-73.99427653,40.7207243
2,180 bowery,-73.99427653,40.7207243
2,179 mott st,-73.99604271,40.72060978
2,176 lafayette st,-73.99898848,40.72057358
2,180 mott st,-73.9956262,40.72054686
2,134 gra st,-73.99945755,40.72054423
2,149 elizabe st,-73.99531158,40.72042951
2,125 gra st,-74.00031727,40.7204104
2,152 elizabe st,-73.99479052,40.72038935
2,385 broome st,-73.99680615,40.72024463
2,154 gra st,-73.99865206,40.72024071
2,446 bway,-74.00073838,40.72023615
2,317 canal st,-74.00262468,40.72023013
2,8 centre market pl,-73.99745235,40.7201888
2,8 centre market pl,-73.99745235,40.7201888
2,8 centre market pl,-73.99745235,40.7201888
2,354 broome st,-73.99489077,40.72009796
2,373 broome st,-73.99625759,40.72006673
2,129 allen st,-73.99037411,40.72006069
2,375 broome st,-73.99640614,40.72005301
2,375 broome st,-73.99640614,40.72005301
2,13 crosby st,-73.9999444,40.71997891
2,167 mott st,-73.99643743,40.71984644
2,163 mulberry st,-73.99740194,40.7197954
2,150 bowery,-73.99462285,40.71979384
2,150 bowery,-73.99462285,40.71979384
2,428 bway,-74.00121518,40.71964799
2,217 centre st,-73.99906424,40.71959264
2,157 bowery,-73.99404158,40.71950027
2,160 franklin st,-74.00819367,40.71945226
2,196 gra st,-73.99679853,40.7194014
2,277 canal st,-74.00142192,40.71939142
2,198 gra st,-73.99667614,40.71936112
2,273 canal st,-74.00100133,40.71932971
2,124 forsy st,-73.99205773,40.71931005
2,90 delancey st,-73.98929234,40.71920909
2,118 elizabe st,-73.99527585,40.71914917
2,212 gra st,-73.99604161,40.71914491
2,269 canal st,-74.00098361,40.71913801
2,135 eldridge st,-73.99176013,40.71911396
2,136 bowery,-73.99490917,40.71909513
2,210 centre st,-73.99873651,40.71901572
2,197 gra st,-73.99693376,40.71898636
2,136 eldridge st,-73.99130381,40.7189345
2,129 lafayette st,-73.99978767,40.71891959
2,129 lafayette st,-73.99978767,40.71891959
2,300 broome st,-73.99211288,40.71890645
2,130 bowery,-73.99524678,40.71889639
2,130 bowery,-73.99524678,40.71889639
2,408 bway,-74.00181264,40.71878708
2,142 mulberry st,-73.99728159,40.71876169
2,93 allen st,-73.99106864,40.71870874
2,402 bway,-74.0021246,40.71865712
2,402 bway,-74.0021246,40.71865712
2,108 forsy st,-73.99255626,40.71862759
2,223 gra st,-73.99565204,40.71858379
2,299 broome st,-73.99223219,40.7185292
2,295 broome st,-73.99212248,40.7184959
2,106 forsy st,-73.99253861,40.71845109
2,202 hester st,-73.99903548,40.71839816
2,394 bway,-74.00227326,40.71829446
2,392 bway,-74.00232807,40.71822969
2,123 baxter st,-73.99868091,40.71815196
2,123 baxter st,-73.99868091,40.71815196
2,105 eldridge st,-73.99227707,40.71811188
2,86 elizabe st,-73.99574593,40.7181081
2,388 bway,-74.00243793,40.71809986
2,122 mott st,-73.99644201,40.7180759
2,118 baxter st,-73.99927176,40.71805629
2,83 walker st,-74.00167342,40.71800447
2,83 walker st,-74.00167342,40.71800447
2,173 hester st,-73.99685183,40.7179995
2,280 gra st,-73.99249568,40.71797345
2,87 walker st,-74.00151828,40.71794379
2,106 eldridge st,-73.99182042,40.71793427
2,109 lafayette st,-74.0005942,40.71792623
2,89 walker st,-74.00143493,40.71792049
2,167 hester st,-73.99656837,40.71790142
2,121 mulberry st,-73.99838576,40.71790119
2,165 hester st,-73.99649006,40.71787399
2,165 hester st,-73.99649006,40.71787399
2,253 church st,-74.0053228,40.71786401
2,290 gra st,-73.99200128,40.71782204
2,115 mott st,-73.99748871,40.7177394
2,115 mott st,-73.99748871,40.7177394
2,115 mulberry st,-73.99850203,40.71771382
2,115 mulberry st,-73.99850203,40.71771382
2,101 lafayette st,-74.00088679,40.71771111
2,101 lafayette st,-74.00088679,40.71771111
2,234 canal st,-73.99994952,40.71768781
2,113 mott st,-73.99752698,40.71767777
2,113 mott st,-73.99752698,40.71767777
2,277 gra st,-73.99279933,40.71763278
2,90 white st,-74.00174909,40.71762303
2,87 chrystie st,-73.99447072,40.71760244
2,105 bowery,-73.99489055,40.71759028
2,158 hester st,-73.99695326,40.71756503
2,86 forsy st,-73.99297518,40.71753603
2,86 forsy st,-73.99297518,40.71753603
2,103 bowery,-73.99492402,40.7175266
2,103 bowery,-73.99492402,40.7175266
2,112 mulberry st,-73.99805767,40.71748334
2,209 canal st,-73.99883057,40.71747588
2,110 mulberry st,-73.9980968,40.71742029
2,102 mott st,-73.99714725,40.71735749
2,79 chrystie st,-73.99457129,40.71734506
2,125 walker st,-73.99992834,40.71732168
2,125 walker st,-73.99992834,40.71732168
2,87 lafayette st,-74.00114836,40.71731105
2,77 chrystie st,-73.99459631,40.71727875
2,90 eldridge st,-73.99215696,40.71727754
2,140 hester st,-73.99582806,40.71727093
2,75 chrystie st,-73.99468331,40.71719072
2,195 canal st,-73.9981462,40.71717155
2,50 franklin st,-74.00247652,40.71716571
2,86 eldridge st,-73.99222249,40.71714839
2,86 eldridge st,-73.99222249,40.71714839
2,74 forsy st,-73.99316939,40.71713975
2,358 bway,-74.00318643,40.71704052
2,80 bowery,-73.99600151,40.71702676
2,91 mulberry st,-73.99904045,40.71684374
2,91 mulberry st,-73.99904045,40.71684374
2,91 mulberry st,-73.99904045,40.71684374
2,89 mulberry st,-73.99907978,40.71678006
2,89 mulberry st,-73.99907978,40.71678006
2,69 eldridge st,-73.99290063,40.71676101
2,198 canal st,-73.99841133,40.71674488
2,83 mott st,-73.99807945,40.71670407
2,83 baxter st,-73.9995923,40.71662009
2,88 mulberry st,-73.99859424,40.71661391
2,88 mulberry st,-73.99859424,40.71661391
2,83 mulberry st,-73.99921451,40.71656185
2,77 mott st,-73.99828721,40.71648731
2,79 mulberry st,-73.99927212,40.71646856
2,174 canal st,-73.99760566,40.71646195
2,75 mulberry st,-73.99934891,40.71634418
2,75 mulberry st,-73.99934891,40.71634418
2,74 mott st,-73.99778455,40.71632971
2,73 mulberry st,-73.99938683,40.71628278
2,76 mulberry st,-73.99882633,40.71623952
2,86 hester st,-73.99242835,40.71618988
2,63 mott st,-73.99848804,40.71612148
2,63 mott st,-73.99848804,40.71612148
2,66 mott st,-73.99793775,40.71608205
2,50 eldridge st,-73.99279784,40.71602051
2,50 eldridge st,-73.99279784,40.71602051
2,78 baya st,-73.99869198,40.71584807
2,46 bowery,-73.99695826,40.71580419
2,39 eldridge st,-73.99349319,40.71571539
2,10 elizabe st,-73.99724708,40.71570545
2,81 baya st,-73.99887261,40.71557954
2,58 mulberry st,-73.99927905,40.71541355
2,58 mulberry st,-73.99927905,40.71541355
2,46 mott st,-73.99850717,40.715303
2,46 mott st,-73.99850717,40.715303
2,43 mott st,-73.99899643,40.71523758
2,42 mott st,-73.99860757,40.71522214
2,27 forsy st,-73.99421031,40.71511223
2,80 centre st,-74.00118591,40.71509784
2,33 mott st,-73.99911006,40.71499382
2,20 bowery,-73.99738189,40.71479486
2,3 allen st,-73.99313222,40.71468509
2,125 barclay st,-74.01295147,40.71457505
2,26 mott st,-73.99855003,40.71457129
2,26 mott st,-73.99855003,40.71457129
2,30 mulberry st,-73.99937881,40.71453924
2,12 bowery,-73.99759877,40.71446407
2,10 bowery,-73.99762315,40.71442343
2,16 mott st,-73.99849037,40.71425502
2,15 mott st,-73.99900227,40.7141909
2,83 division st,-73.99360576,40.71415737
2,3 pike st,-73.99229829,40.71412094
2,2 pike st,-73.99323376,40.71408952
2,217 e bway,-73.98737604,40.71406029
2,11 mott st,-73.99899048,40.7140315
2,11 mott st,-73.99899048,40.7140315
2,31 division st,-73.99598529,40.71397317
2,90 e bway,-73.99375867,40.71395734
2,9 mott st,-73.99895765,40.71393958
2,19 division st,-73.99652419,40.71392993
2,9 division st,-73.99697281,40.71389665
2,46 e bway,-73.99587869,40.71388002
2,66 e bway,-73.99496271,40.71385687
2,70 e bway,-73.99479497,40.71384194
2,40 e bway,-73.99613488,40.71376166
2,32 e bway,-73.99649252,40.71373264
2,26 e bway,-73.99676404,40.7137223
2,24 e bway,-73.99685227,40.71370147
2,2 e bway,-73.99753009,40.71361081
2,9 murray st,-74.00784833,40.7136035
2,99 e bway,-73.99334156,40.71355173
2,89 e bway,-73.99370167,40.71353495
2,51 e bway,-73.99562862,40.71339317
2,13 market st,-73.99478039,40.71339194
2,47 e bway,-73.99580873,40.71337783
2,53 e bway,-73.99553514,40.71337486
2,17 e bway,-73.99701651,40.71331713
2,35 e bway,-73.99631059,40.71330864
2,1 e bway,-73.99787135,40.71322631
2,11 e bway,-73.99739887,40.71319553
2,21 caerine st,-73.99691475,40.71299669
2,203 madison st,-73.98965905,40.71284419
2,58 henry st,-73.99507916,40.71275265
2,24 james st,-73.99854922,40.71246103
2,99 madison st,-73.9953954,40.71244091
2,83 madison st,-73.99608398,40.71238307
2,43 market st,-73.99451015,40.71210772
2,114 madison st,-73.99488404,40.71204733
2,108 madison st,-73.99515343,40.71202434
2,106 madison st,-73.99524304,40.71201669
2,104 madison st,-73.99533427,40.7120089
2,104 madison st,-73.99533427,40.7120089
2,100 madison st,-73.9955101,40.71199389
2,98 madison st,-73.99559918,40.71198629
2,98 madison st,-73.99559918,40.71198629
2,96 madison st,-73.9956922,40.71197835
2,96 madison st,-73.9956922,40.71197835
2,47 market st,-73.99456921,40.71196778
2,86 madison st,-73.99614029,40.7119401
2,49 monroe st,-73.99373327,40.71185771
2,47 monroe st,-73.99382202,40.7118503
2,54 market st,-73.99402473,40.7118016
2,55 monroe st,-73.99347966,40.71177513
2,9 monroe st,-73.99610651,40.71165492
2,100 cherry st,-73.99542513,40.71093333
2,100 cherry st,-73.99542513,40.71093333
2,78 caerine st,-73.9979037,40.71075771
2,220 s st,-73.99506922,40.70965245
2,90 trinity pl,-74.01246472,40.70897157
3,446 w 14 st,-74.00759585,40.74157619
3,409 w 14 st,-74.005989,40.74150859
3,440 w 14 st,-74.00739055,40.74148945
3,860 washington st,-74.0076844,40.74128493
3,860 washington st,-74.0076844,40.74128493
3,860 washington st,-74.0076844,40.74128493
3,426 w 14 st,-74.00684268,40.74125623
3,420 w 14 st,-74.00672482,40.74120643
3,410 w 14 st,-74.00621372,40.74099047
3,419 w 13 st,-74.00679265,40.74090641
3,419 w 13 st,-74.00679265,40.74090641
3,408 w 14 st,-74.00601424,40.74090618
3,415 w 13 st,-74.00650634,40.74089449
3,837 washington st,-74.00735294,40.74063166
3,837 washington st,-74.00735294,40.74063166
3,835 washington st,-74.00765554,40.74043041
3,835 washington st,-74.00765554,40.74043041
3,315 w 14 st,-74.00324189,40.74039566
3,345 w 13 st,-74.00475767,40.74012628
3,345 w 13 st,-74.00475767,40.74012628
3,833 washington st,-74.0077686,40.74006085
3,32 little w 12 st,-74.00766068,40.73986293
3,823 washington st,-74.0077378,40.73973232
3,12 little w 12 st,-74.00690235,40.73964987
3,12 little w 12 st,-74.00690235,40.73964987
3,12 little w 12 st,-74.00690235,40.73964987
3,652 hudson st,-74.00489375,40.73963115
3,652 hudson st,-74.00489375,40.73963115
3,305 w 13 st,-74.00353352,40.73955397
3,303 w 13 st,-74.00337479,40.73934461
3,647 hudson st,-74.00568868,40.73921985
3,349 w 4 st,-74.00372098,40.73915316
3,345 w 4 st,-74.00367853,40.73903197
3,210 w 14 st,-74.00070975,40.73863274
3,34 horatio st,-74.00462921,40.73857072
3,2 horatio st,-74.00271002,40.7385487
3,92 horatio st,-74.00784622,40.73852106
3,92 horatio st,-74.00784622,40.73852106
3,52 8 ave,-74.00342524,40.73843571
3,230 w 13 st,-74.00176377,40.73837081
3,139 w 14 st,-73.99843969,40.73835055
3,139 w 14 st,-73.99843969,40.73835055
3,785 washington st,-74.00793185,40.73831046
3,115 greenwich ave,-74.00238485,40.73829956
3,820 greenwich st,-74.00672684,40.73829542
3,106 greenwich ave,-74.00188967,40.73827542
3,131 w 14 st,-73.998124,40.73821765
3,102 greenwich ave,-74.00179009,40.73815456
3,102 greenwich ave,-74.00179009,40.73815456
3,102 greenwich ave,-74.00179009,40.73815456
3,98 greenwich ave,-74.00170585,40.73805855
3,42 jane st,-74.00470946,40.73801441
3,96 greenwich ave,-74.00166394,40.73800888
3,109 greenwich ave,-74.0021822,40.73793103
3,109 greenwich ave,-74.0021822,40.73793103
3,34 8 ave,-74.00408205,40.73788852
3,100 jane st,-74.00847972,40.73786057
3,19 8 ave,-74.00476778,40.73785264
3,132 w 14 st,-73.99863356,40.7377999
3,257 w 12 st,-74.00291715,40.73778651
3,155 w 13 st,-73.99934918,40.7377669
3,339 w 12 st,-74.00690331,40.73773765
3,283 w 12 st,-74.00400846,40.73771659
3,283 w 12 st,-74.00400846,40.73771659
3,325 w 12 st,-74.00620493,40.73769237
3,325 w 12 st,-74.00620493,40.73769237
3,120 w 14 st,-73.99831198,40.73752974
3,139 w 13 st,-73.99875772,40.73751988
3,250 w 12 st,-74.00264696,40.73743655
3,133 w 13 st,-73.99855448,40.73743499
3,354 w 12 st,-74.00752891,40.737364
3,338 w 12 st,-74.00701102,40.7373632
3,175 w 12 st,-74.00015061,40.7373591
3,791 greenwich st,-74.00628653,40.73725979
3,756 washington st,-74.00846408,40.7372349
3,142 w 13 st,-73.99927043,40.73723259
3,117 w 13 st,-73.99807127,40.73722858
3,117 w 13 st,-73.99807127,40.73722858
3,117 w 13 st,-73.99807127,40.73722858
3,117 w 13 st,-73.99807127,40.73722858
3,400 w 12 st,-74.00924837,40.73721043
3,140 w 13 st,-73.9991937,40.73720024
3,755 washington st,-74.00797059,40.73716448
3,113 w 13 st,-73.99791415,40.73716048
3,38 beune st,-74.00762281,40.73713847
3,79 greenwich ave,-74.00158728,40.73687288
3,299 w 4 st,-74.00350863,40.73678158
3,52 w 14 st,-73.99618879,40.73677391
3,40 bank st,-74.00304305,40.73674582
3,201 w 11 st,-74.00146505,40.73670941
3,104 w 13 st,-73.99798425,40.73669031
3,46 w 14 st,-73.99596589,40.73668098
3,127 w 12 st,-73.99868208,40.73664808
3,294 w 4 st,-74.00384243,40.73661209
3,745 washington st,-74.00801833,40.73659034
3,125 w 12 st,-73.99852881,40.73658346
3,66 bank st,-74.00432546,40.73657878
3,55 w 13 st,-73.99649499,40.73656143
3,227 w 11 st,-74.00250748,40.73654548
3,72 bank st,-74.00458918,40.73652558
3,417 bleecker st,-74.00510068,40.73651461
3,415 bleecker st,-74.00507649,40.73642555
3,735 washington st,-74.00807233,40.73636935
3,735 washington st,-74.00807233,40.73636935
3,411 bleecker st,-74.00504764,40.73631595
3,212 w 11 st,-74.00173096,40.73630213
3,214 w 11 st,-74.00179834,40.73629181
3,22 w 14 st,-73.99531954,40.7362755
3,283 w 11 st,-74.00487865,40.73621078
3,407 bleecker st,-74.00501757,40.73620332
3,120 w 12 st,-73.99874145,40.73617123
3,14 w 14 st,-73.99473834,40.73616386
3,405 bleecker st,-74.0050022,40.73614568
3,405 bleecker st,-74.0050022,40.73614568
3,182 7 ave s,-74.00158111,40.73609843
3,122 bank st,-74.00761419,40.73609374
3,80 5 ave,-73.99408382,40.73593905
3,80 5 ave,-73.99408382,40.73593905
3,80 5 ave,-73.99408382,40.73593905
3,113 w 11 st,-73.99881112,40.73587389
3,27 perry st,-74.0022874,40.73587055
3,7 e 14 st,-73.99250972,40.73585253
3,59 w 12 st,-73.99674164,40.7358359
3,164 bank st,-74.00941494,40.73583149
3,400 bleecker st,-74.00520548,40.7357918
3,400 bleecker st,-74.00520548,40.7357918
3,30 w 13 st,-73.99599792,40.73577975
3,109 w 11 st,-73.99866236,40.73577914
3,134 w 11 st,-73.99986626,40.73576194
3,395 bleecker st,-74.0048324,40.73573773
3,74 5 ave,-73.99431923,40.73570829
3,74 5 ave,-73.99431923,40.73570829
3,74 5 ave,-73.99431923,40.73570829
3,269 w 4 st,-74.00322286,40.73569859
3,302 w 11 st,-74.00618336,40.73568028
3,46 greenwich ave,-74.00024299,40.73562155
3,46 greenwich ave,-74.00024299,40.73562155
3,72 5 ave,-73.99433322,40.73557249
3,72 5 ave,-73.99433322,40.73557249
3,72 5 ave,-73.99433322,40.73557249
3,561 hudson st,-74.00617847,40.73555453
3,561 hudson st,-74.00617847,40.73555453
3,322 w 11 st,-74.0072565,40.73550808
3,45 greenwich ave,-74.000728,40.73549093
3,743 greenwich st,-74.00661752,40.73540825
3,64 w 12 st,-73.99692642,40.73540621
3,156 7 ave s,-74.00205126,40.73533321
3,156 7 ave s,-74.00205126,40.73533321
3,58 w 12 st,-73.99674407,40.73532961
3,68 5 ave,-73.99456768,40.73528928
3,152 7 ave s,-74.00212562,40.73528861
3,551 hudson st,-74.00630934,40.73525488
3,354 w 11 st,-74.00884667,40.73522639
3,382 bleecker st,-74.00510955,40.73515406
3,59 5 ave,-73.99393311,40.73502851
3,378 bleecker st,-74.00506777,40.73500673
3,117 w 10 st,-73.99949513,40.73490578
3,22 greenwich ave,-73.99986279,40.73489893
3,16 w 12 st,-73.99548119,40.73479905
3,56 charles st,-74.00262832,40.73477804
3,55 5 ave,-73.99406006,40.73473308
3,20 e 13 st,-73.99321437,40.73471948
3,27 w 11 st,-73.99605348,40.73470578
3,44 e 14 st,-73.99152427,40.73465358
3,24 e 13 st,-73.99304717,40.73463424
3,535 hudson st,-74.00640514,40.73462573
3,719 greenwich st,-74.00682504,40.7345955
3,242 w 4 st,-74.0032804,40.734572
3,90 charles st,-74.00424297,40.73453509
3,17 greenwich ave,-74.00013422,40.73439272
3,17 greenwich ave,-74.00013422,40.73439272
3,17 greenwich ave,-74.00013422,40.73439272
3,233 w 4 st,-74.00278095,40.73437932
3,689 washington st,-74.00823378,40.73435084
3,15 greenwich ave,-74.00007933,40.73434939
3,15 greenwich ave,-74.00007933,40.73434939
3,15 greenwich ave,-74.00007933,40.73434939
3,15 greenwich ave,-74.00007933,40.73434939
3,33 w 10 st,-73.99702922,40.73432502
3,60 w 10 st,-73.99814329,40.7343171
3,21 e 12 st,-73.99285076,40.73430681
3,47 5 ave,-73.99445199,40.73425316
3,47 5 ave,-73.99445199,40.73425316
3,534 hudson st,-74.00587785,40.73424353
3,2 e 12 st,-73.99413378,40.73423791
3,4 e 12 st,-73.99405503,40.73420445
3,45 5 ave,-73.99455794,40.73416179
3,711 greenwich st,-74.0069106,40.73415165
3,527 hudson st,-74.00657299,40.73413847
3,8 e 12 st,-73.99389712,40.73413736
3,165 charles st,-74.00970717,40.73410587
3,165 charles st,-74.00970717,40.73410587
3,165 charles st,-74.00970717,40.73410587
3,52 e 13 st,-73.99177389,40.73407801
3,43 5 ave,-73.99457944,40.73403004
3,705 greenwich st,-74.00695163,40.7340011
3,11 w 10 st,-73.99616048,40.73395905
3,28 e 12 st,-73.99313926,40.73392375
3,833 bway,-73.99135471,40.73391777
3,345 bleecker st,-74.00431856,40.73387471
3,113 7 ave s,-74.00225945,40.73387005
3,8 christopher st,-74.00008735,40.73382902
3,64 w 9 st,-73.99891205,40.73372294
3,18 w 10 st,-73.99672636,40.73370526
3,86 university pl,-73.99336205,40.73369503
3,86 university pl,-73.99336205,40.73369503
3,827 bway,-73.99144281,40.73367558
3,250 w 10 st,-74.0059559,40.73367467
3,52 w 9 st,-73.99843168,40.73367425
3,84 university pl,-73.99340754,40.73363784
3,84 university pl,-73.99340754,40.73363784
3,84 university pl,-73.99340754,40.73363784
3,39 5 ave,-73.99488429,40.73362181
3,12 e 11 st,-73.99455301,40.73358795
3,57 w 8 st,-73.99884092,40.73353969
3,80 university pl,-73.99350805,40.73351914
3,15 w 9 st,-73.99680804,40.73346012
3,35 5 ave,-73.99501115,40.73345673
3,35 5 ave,-73.99501115,40.73345673
3,687 greenwich st,-74.00706879,40.73343391
3,510 hudson st,-74.00606971,40.73342774
3,510 hudson st,-74.00606971,40.73342774
3,832 bway,-73.99072732,40.73342571
3,687 greenwich st,-74.00722949,40.73342245
3,49 w 8 st,-73.9985292,40.73340871
3,49 w 8 st,-73.9985292,40.73340871
3,82 christopher st,-74.00361973,40.73334067
3,82 christopher st,-74.00361973,40.73334067
3,139 waverly pl,-74.00044767,40.73333005
3,84 grove st,-74.00205972,40.73332486
3,687 greenwich st,-74.00726104,40.73327999
3,72 university pl,-73.99371071,40.73326846
3,72 university pl,-73.99371071,40.73326846
3,24 w 9 st,-73.99744584,40.73325955
3,70 university pl,-73.99375396,40.7332145
3,55 e 11 st,-73.99248146,40.73320164
3,55 e 11 st,-73.99248146,40.73320164
3,57 e 11 st,-73.99235467,40.73314867
3,57 e 11 st,-73.99235467,40.73314867
3,57 e 11 st,-73.99235467,40.73314867
3,61 e 11 st,-73.99222766,40.7330956
3,29 w 8 st,-73.99777657,40.73309245
3,815 bway,-73.99147094,40.73306815
3,14 w 9 st,-73.9969858,40.73306625
3,52 w 8 st,-73.99897721,40.73304726
3,3 weehawken st,-74.00961461,40.73304656
3,141 e 13 st,-73.98805822,40.73300938
3,655 washington st,-74.00836003,40.73300597
3,813 bway,-73.9914874,40.73299957
3,41 grove st,-74.00444544,40.73296746
3,316 bleecker st,-74.00415236,40.73296211
3,8 w 9 st,-73.9967132,40.73295162
3,8 w 9 st,-73.9967132,40.73295162
3,40 w 8 st,-73.99837636,40.73292791
3,6 w 9 st,-73.9966281,40.73291583
3,6 w 9 st,-73.9966281,40.73291583
3,651 washington st,-74.00837341,40.73290416
3,3 e 9 st,-73.99526419,40.73283062
3,3 e 9 st,-73.99526419,40.73283062
3,11 w 8 st,-73.99714526,40.73282717
3,56 e 11 st,-73.99265393,40.7327884
3,56 e 11 st,-73.99265393,40.7327884
3,56 e 11 st,-73.99265393,40.7327884
3,56 e 11 st,-73.99265393,40.7327884
3,5 e 9 st,-73.99519501,40.73277712
3,816 bway,-73.99090259,40.73275433
3,7 e 9 st,-73.99511596,40.73274389
3,9 e 9 st,-73.99503822,40.73271124
3,24 w 8 st,-73.99774192,40.73267893
3,24 w 8 st,-73.99774192,40.73267893
3,25 e 10 st,-73.99310019,40.73266733
3,25 e 10 st,-73.99310019,40.73266733
3,310 bleecker st,-74.0040822,40.73265914
3,14 5 ave,-73.99646404,40.73265373
3,14 5 ave,-73.99646404,40.73265373
3,812 bway,-73.99088717,40.73264783
3,13 e 9 st,-73.99488083,40.73264504
3,109 waverly pl,-73.99891569,40.73262036
3,308 bleecker st,-74.00405252,40.73260833
3,29 e 10 st,-73.99295482,40.73260655
3,29 e 10 st,-73.99295482,40.73260655
3,29 e 10 st,-73.99295482,40.73260655
3,68 e 11 st,-73.99221085,40.7326034
3,20 w 8 st,-73.99755862,40.73257478
3,306 bleecker st,-74.00402284,40.73255752
3,306 bleecker st,-74.00402284,40.73255752
3,306 bleecker st,-74.00402284,40.73255752
3,12 5 ave,-73.99653214,40.73255678
3,12 5 ave,-73.99653214,40.73255678
3,810 bway,-73.99090921,40.73254613
3,181 w 4 st,-74.00167055,40.73252763
3,181 w 4 st,-74.00167055,40.73252763
3,21 e 9 st,-73.99455345,40.73250742
3,21 e 9 st,-73.99455345,40.73250742
3,39 e 10 st,-73.99256327,40.73244284
3,177 w 4 st,-74.00157003,40.73243098
3,23 barrow st,-74.00284815,40.73240582
3,28 e 10 st,-73.99362744,40.73239989
3,28 e 10 st,-73.99362744,40.73239989
3,8 w 8 st,-73.99723457,40.73237729
3,229 e 13 st,-73.98649821,40.73235786
3,114 waverly pl,-73.99941084,40.73235002
3,114 waverly pl,-73.99941084,40.73235002
3,45 university pl,-73.9938696,40.7322814
3,30 e 10 st,-73.99329444,40.73227668
3,154 christopher st,-74.00817991,40.73225969
3,32 e 10 st,-73.99317677,40.73222654
3,165 w 4 st,-74.00130365,40.73222459
3,165 w 4 st,-74.00130365,40.73222459
3,21 jones st,-74.00270995,40.73217156
3,287 bleecker st,-74.00326007,40.73209156
3,29 jones st,-74.00303647,40.73205528
3,35 e 9 st,-73.99340691,40.73202957
3,285 bleecker st,-74.00322276,40.73202833
3,2 5 ave,-73.99706603,40.73199801
3,92 barrow st,-74.00717324,40.73190259
3,84 3 ave,-73.98862463,40.7318727
3,10 e 8 st,-73.99572849,40.73176137
3,207 2 ave,-73.98584965,40.73170078
3,149 w 4 st,-74.0004104,40.73169295
3,149 w 4 st,-74.0004104,40.73169295
3,147 w 4 st,-74.00032309,40.73164847
3,644 greenwich st,-74.00816441,40.73159351
3,143 w 4 st,-74.00019116,40.73158392
3,143 w 4 st,-74.00019116,40.73158392
3,143 w 4 st,-74.00019116,40.73158392
3,141 w 4 st,-74.00010699,40.73154282
3,135 w 4 st,-73.99996532,40.73147265
3,40 e 9 st,-73.9933677,40.73138934
3,77 barrow st,-74.00582825,40.73137087
3,13 morton st,-74.00384547,40.73135855
3,133 w 4 st,-73.99986061,40.73135606
3,636 greenwich st,-74.00823011,40.73131788
3,148 w 4 st,-74.00066292,40.73131756
3,20 cornelia st,-74.00198616,40.73130685
3,451 hudson st,-74.00695552,40.73123029
3,26 cornelia st,-74.00216903,40.73120786
3,262 bleecker st,-74.00319323,40.73115195
3,30 cornelia st,-74.00241177,40.73111885
3,60 e 9 st,-73.99266826,40.7310967
3,60 e 9 st,-73.99266826,40.7310967
3,60 e 9 st,-73.99266826,40.7310967
3,60 e 9 st,-73.99266826,40.7310967
3,60 e 9 st,-73.99266826,40.7310967
3,32 cornelia st,-74.00250054,40.73108817
3,51 morton st,-74.00559269,40.73106045
3,135 w 3 st,-74.00079679,40.73100724
3,1 leroy st,-74.00309894,40.73098984
3,133 w 3 st,-74.00072103,40.73097038
3,139 mac dougal st,-74.00002842,40.73088553
3,29 7 ave s,-74.00414065,40.73082919
3,29 7 ave s,-74.00414065,40.73082919
3,29 7 ave s,-74.00414065,40.73082919
3,600 washington st,-74.00924813,40.73081917
3,1 university pl,-73.99506461,40.73070699
3,1 university pl,-73.99506461,40.73070699
3,1 university pl,-73.99506461,40.73070699
3,1 university pl,-73.99506461,40.73070699
3,7 carmine st,-74.00218989,40.73065725
3,12 leroy st,-74.00318135,40.73062544
3,12 leroy st,-74.00318135,40.73062544
3,435 hudson st,-74.007173,40.73062495
3,435 hudson st,-74.007173,40.73062495
3,52 morton st,-74.00566423,40.73061721
3,125 mac dougal st,-74.00022515,40.73059787
3,25 waverly pl,-73.99478863,40.73059027
3,25 waverly pl,-73.99478863,40.73059027
3,428 hudson st,-74.00649621,40.73055787
3,119 leroy st,-74.00781547,40.73052038
3,111 leroy st,-74.00749797,40.73051346
3,426 hudson st,-74.00650709,40.73049805
3,32 waverly pl,-73.99559762,40.73033458
3,37 carmine st,-74.00347046,40.73026288
3,160 leroy st,-74.01001166,40.73019354
3,160 leroy st,-74.01001166,40.73019354
3,160 leroy st,-74.01001166,40.73019354
3,160 leroy st,-74.01001166,40.73019354
3,115 mac dougal st,-74.00068015,40.73018721
3,115 mac dougal st,-74.00068015,40.73018721
3,45 carmine st,-74.0038309,40.73011341
3,110 leroy st,-74.00763523,40.73007438
3,110 leroy st,-74.00763523,40.73007438
3,300 mercer st,-73.9934425,40.7300723
3,300 mercer st,-73.9934425,40.7300723
3,300 mercer st,-73.9934425,40.7300723
3,26 carmine st,-74.00271107,40.73004602
3,111 mac dougal st,-74.00075341,40.73000041
3,126 mac dougal st,-74.00019914,40.72996688
3,109 mac dougal st,-74.00081712,40.72992577
3,421 hudson st,-74.0073131,40.72988151
3,421 hudson st,-74.0073131,40.72988151
3,105 mac dougal st,-74.00100353,40.72985795
3,43 clarkson st,-74.00803145,40.72978101
3,43 clarkson st,-74.00803145,40.72978101
3,43 clarkson st,-74.00803145,40.72978101
3,43 clarkson st,-74.00803145,40.72978101
3,43 clarkson st,-74.00803145,40.72978101
3,43 clarkson st,-74.00803145,40.72978101
3,43 clarkson st,-74.00803145,40.72978101
3,43 clarkson st,-74.00803145,40.72978101
3,43 clarkson st,-74.00803145,40.72978101
3,43 clarkson st,-74.00803145,40.72978101
3,43 clarkson st,-74.00803145,40.72978101
3,205 e 10 st,-73.98611751,40.72975891
3,101 mac dougal st,-74.00101327,40.72969968
3,84 w 3 st,-73.99909794,40.72967611
3,82 w 3 st,-73.99899743,40.72967069
3,229 sullivan st,-73.9993907,40.72965054
3,203 bleecker st,-74.00161806,40.72962504
3,97 mac dougal st,-74.00110212,40.72958555
3,14 washington pl,-73.99522069,40.72946717
3,189 bleecker st,-74.00125148,40.72940883
3,68 w 3 st,-73.99835801,40.72928742
3,68 w 3 st,-73.99835801,40.72928742
3,10 downing st,-74.00283353,40.72927376
3,185 bleecker st,-74.00091614,40.7292458
3,395 hudson st,-74.0077734,40.72920531
3,228 varick st,-74.00500991,40.72919042
3,183 bleecker st,-74.00079828,40.72918762
3,194 bleecker st,-74.00168096,40.72916245
3,194 bleecker st,-74.00168096,40.72916245
3,192 bleecker st,-74.00160403,40.72912455
3,65 downing st,-74.0048866,40.72910221
3,173 bleecker st,-74.00050785,40.72908755
3,190 bleecker st,-74.00152756,40.72908689
3,171 bleecker st,-74.00038981,40.72902927
3,211 ompson st,-73.99955034,40.72894998
3,4 bedfo st,-74.00318813,40.72891311
3,182 bleecker st,-74.00108049,40.72889948
3,167 bleecker st,-74.00009134,40.72888444
3,180 bleecker st,-74.0010128,40.72886614
3,180 bleecker st,-74.0010128,40.72886614
3,165 bleecker st,-74.00001448,40.7288465
3,178 bleecker st,-74.00095413,40.728821
3,502 e 12 st,-73.98103719,40.7287946
3,159 bleecker st,-73.99982626,40.72875357
3,204 w houston st,-74.00407376,40.72872273
3,157 bleecker st,-73.99971297,40.72869763
3,170 bleecker st,-74.00072838,40.72869084
3,155 bleecker st,-73.99963643,40.72866052
3,155 bleecker st,-73.99963643,40.72866052
3,151 bleecker st,-73.99937211,40.72852606
3,151 bleecker st,-73.99937211,40.72852606
3,151 bleecker st,-73.99937211,40.72852606
3,147 bleecker st,-73.99914772,40.72841402
3,74 mac dougal st,-74.00162869,40.72828009
3,142 w houston st,-74.00166215,40.72812993
3,175 sullivan st,-74.00070959,40.72810288
3,144 bleecker st,-73.99939698,40.72799056
3,144 bleecker st,-73.99939698,40.72799056
3,144 bleecker st,-73.99939698,40.72799056
3,128 w houston st,-74.00107036,40.72786926
3,124 w houston st,-74.00098861,40.7278289
3,178 ompson st,-73.99987778,40.72781046
3,116 w houston st,-74.00087262,40.72777172
3,116 w houston st,-74.00087262,40.72777172
3,116 w houston st,-74.00087262,40.72777172
3,682 bway,-73.99452414,40.72757039
3,180 varick st,-74.0051346,40.72748454
3,180 varick st,-74.0051346,40.72748454
3,106 w houston st,-74.00035761,40.7274522
3,106 w houston st,-74.00035761,40.7274522
3,2 king st,-74.00288968,40.72744513
3,104 w houston st,-74.00029711,40.72742243
3,104 w houston st,-74.00029711,40.72742243
3,104 w houston st,-74.00029711,40.72742243
3,104 w houston st,-74.00029711,40.72742243
3,104 w houston st,-74.00029711,40.72742243
3,100 w houston st,-74.00020298,40.72738416
3,19 charlton st,-74.00407607,40.72724381
3,9 great jones st,-73.99406025,40.72722028
3,333 hudson st,-74.00768694,40.72713454
3,333 hudson st,-74.00768694,40.72713454
3,38 mac dougal st,-74.00274195,40.72703727
3,480 w bway,-74.0003306,40.7268214
3,650 bway,-73.99528535,40.7266726
3,181 prince st,-74.00195053,40.72652783
3,200 mercer st,-73.99654324,40.72640308
3,636 bway,-73.99558941,40.72613898
3,332 bowery,-73.99233812,40.72598348
3,300 spring st,-74.00797756,40.72572491
3,105 sullivan st,-74.0027329,40.72565444
3,165 mercer st,-73.99814403,40.72552777
3,38 renwick st,-74.00822942,40.72543259
3,479 washington st,-74.0097553,40.72541177
3,131 varick st,-74.00627388,40.7253908
3,120 wooster st,-74.0000731,40.72504134
3,22 renwick st,-74.00830831,40.72499798
3,421 w bway,-74.00119665,40.72497912
3,200 spring st,-74.00340958,40.72496062
3,32 dominick st,-74.00661289,40.72489584
3,565 bway,-73.99814386,40.72425817
3,121 mercer st,-73.9992711,40.72419407
3,96 spring st,-73.99949259,40.72318623
3,41 ave b,-73.98254081,40.72281351
3,518 bway,-73.99881933,40.72256816
3,2 prince st,-73.99365988,40.72238732
3,63 crosby st,-73.99801281,40.72221785
3,71 laight st,-74.01022097,40.72191499
3,153 essex st,-73.9872845,40.72086412
3,w bway,-74.00577295,40.72024862
3,w bway,-74.00577295,40.72024862
3,w bway,-74.00708256,40.71795383
3,w bway,-74.00708256,40.71795383
3,w bway,-74.00708256,40.71795383
3,w bway,-74.00708256,40.71795383
3,w bway,-74.00708256,40.71795383
3,40 bowery,-73.99692371,40.71556198
3,131 henry st,-73.99113225,40.71351937
3,10 barclay st,-74.00914144,40.7122184
4,93 e 7 st,-73.98526021,40.72693969
4,212 forsy st,-73.99024032,40.72297247
4,179 e houston st,-73.98832483,40.72251138
4,179 e houston st,-73.98832483,40.72251138
4,244 e houston st,-73.98562617,40.72235152
4,189 orcha st,-73.98840752,40.72220483
4,189 e 2 st,-73.984305,40.72212805
4,179 ludlow st,-73.9876188,40.72203458
4,179 ludlow st,-73.9876188,40.72203458
4,175 ludlow st,-73.98768319,40.72190814
4,179 orcha st,-73.98857367,40.72187993
4,180 ludlow st,-73.98719257,40.72182663
4,175 orcha st,-73.98863585,40.72175426
4,180 orcha st,-73.9880178,40.72174599
4,180 orcha st,-73.9880178,40.72174599
4,167 ludlow st,-73.98781412,40.72165104
4,86 stanton st,-73.98861637,40.72162979
4,174 ludlow st,-73.98732228,40.72157602
4,172 allen st,-73.98892747,40.72140003
4,279 e houston st,-73.98445058,40.72133132
4,164 ludlow st,-73.98745343,40.72132024
4,164 ludlow st,-73.98745343,40.72132024
4,178 norfolk st,-73.98560403,40.72126998
4,165 orcha st,-73.9889041,40.72123736
4,166 orcha st,-73.98841213,40.72116727
4,101 stanton st,-73.98798172,40.72115419
4,101 stanton st,-73.98798172,40.72115419
4,101 stanton st,-73.98798172,40.72115419
4,172 norfolk st,-73.98567008,40.72114205
4,161 orcha st,-73.98897551,40.72109792
4,105 stanton st,-73.98758805,40.72107117
4,105 stanton st,-73.98758805,40.72107117
4,157 ludlow st,-73.98814338,40.72101088
4,168 norfolk st,-73.98576866,40.72095109
4,153 ludlow st,-73.98817644,40.72094604
4,158 orcha st,-73.98854052,40.72091216
4,153 essex st,-73.9872845,40.72086412
4,323 e houston st,-73.98285479,40.72085419
4,325 e houston st,-73.98276815,40.72082825
4,144 stanton st,-73.98565835,40.7207671
4,151 orcha st,-73.98915191,40.72075344
4,151 orcha st,-73.98915191,40.72075344
4,151 orcha st,-73.98915191,40.72075344
4,151 orcha st,-73.98915191,40.72075344
4,125 stanton st,-73.98679039,40.72075092
4,147 essex st,-73.98744451,40.72065217
4,147 orcha st,-73.98921739,40.72062557
4,148 orcha st,-73.98870455,40.72059049
4,153 norfolk st,-73.98653836,40.72056496
4,145 orcha st,-73.98925013,40.72056163
4,145 orcha st,-73.98925013,40.72056163
4,145 orcha st,-73.98925013,40.72056163
4,146 orcha st,-73.9887387,40.72052554
4,146 orcha st,-73.9887387,40.72052554
4,146 orcha st,-73.9887387,40.72052554
4,142 ludlow st,-73.987885,40.72048937
4,142 ludlow st,-73.987885,40.72048937
4,142 ludlow st,-73.987885,40.72048937
4,78 rivington st,-73.98929119,40.72048144
4,141 essex st,-73.98754323,40.72045988
4,137 ludlow st,-73.98843718,40.7204343
4,139 essex st,-73.98757612,40.72039672
4,139 essex st,-73.98757612,40.72039672
4,135 ludlow st,-73.98835591,40.72035898
4,92 rivington st,-73.98865868,40.72034766
4,137 essex st,-73.98760826,40.72033241
4,94 rivington st,-73.98853091,40.72030918
4,151 ridge st,-73.98280495,40.7202766
4,133 essex st,-73.98765367,40.72024095
4,133 essex st,-73.98765367,40.72024095
4,153 stanton st,-73.98512381,40.72021207
4,139 norfolk st,-73.98675345,40.72014835
4,106 rivington st,-73.98792996,40.72013428
4,143 orcha st,-73.98939206,40.72013148
4,131 allen st,-73.99034101,40.72012401
4,108 rivington st,-73.98785464,40.72011197
4,110 rivington st,-73.98778033,40.72008963
4,137 orcha st,-73.98955526,40.71995393
4,179 stanton st,-73.98411448,40.71990545
4,138 orcha st,-73.98906539,40.71988666
4,138 orcha st,-73.98906539,40.71988666
4,126 rivington st,-73.98699441,40.7198463
4,126 rivington st,-73.98699441,40.7198463
4,136 orcha st,-73.98909845,40.71982235
4,105 rivington st,-73.98821169,40.71981592
4,107 rivington st,-73.98808552,40.71977797
4,55 clinton st,-73.9850372,40.7196988
4,55 clinton st,-73.9850372,40.7196988
4,132 orcha st,-73.98916542,40.71969283
4,115 allen st,-73.99060811,40.7196085
4,117 ludlow st,-73.98886085,40.71960087
4,122 ludlow st,-73.98834096,40.71959287
4,130 orcha st,-73.98922565,40.7195745
4,115 essex st,-73.98802106,40.71953132
4,50 clinton st,-73.98456341,40.71951592
4,158 rivington st,-73.98526734,40.71935847
4,80 delancey st,-73.98986419,40.71934987
4,115 norfolk st,-73.98717946,40.71929368
4,137 rivington st,-73.98647226,40.71928582
4,90 delancey st,-73.98929234,40.71920909
4,90 delancey st,-73.98929234,40.71920909
4,90 delancey st,-73.98929234,40.71920909
4,90 delancey st,-73.98929234,40.71920909
4,90 delancey st,-73.98929234,40.71920909
4,168 rivington st,-73.98471057,40.71912116
4,168 rivington st,-73.98471057,40.71912116
4,103 essex st,-73.98823383,40.71911322
4,100 delancey st,-73.98866332,40.71907856
4,109 norfolk st,-73.98731917,40.71905517
4,157 rivington st,-73.98555525,40.71901197
4,107 norfolk st,-73.9873522,40.71899132
4,108 delancey st,-73.98843545,40.71898312
4,110 forsy st,-73.99233115,40.71896988
4,101 allen st,-73.99093401,40.71896845
4,108 norfolk st,-73.98680292,40.71893865
4,99 allen st,-73.99096672,40.71890517
4,114 ridge st,-73.98293259,40.71887575
4,95 allen st,-73.99103354,40.7187752
4,179 rivington st,-73.98445951,40.71876602
4,100 norfolk st,-73.98702619,40.71864007
4,100 norfolk st,-73.98702619,40.71864007
4,99 orcha st,-73.99024627,40.71860981
4,99 orcha st,-73.99024627,40.71860981
4,95 delancey st,-73.98937596,40.71859522
4,95 clinton st,-73.98563991,40.71855062
4,97 clinton st,-73.98567395,40.71848492
4,95 orcha st,-73.99031235,40.71848169
4,92 ludlow st,-73.98895836,40.71838652
4,266 broome st,-73.99049467,40.71838448
4,104 forsy st,-73.99253842,40.71837711
4,264 broome st,-73.99043741,40.71833889
4,105 clinton st,-73.98581988,40.71823061
4,254 broome st,-73.98990914,40.71822984
4,252 broome st,-73.98980979,40.71819989
4,242 broome st,-73.98900784,40.71806135
4,242 broome st,-73.98900784,40.71806135
4,242 broome st,-73.98900784,40.71806135
4,168 delancey st,-73.98527907,40.71802622
4,84 orcha st,-73.99015937,40.71786408
4,82 orcha st,-73.99018941,40.71780798
4,76 orcha st,-73.99020349,40.71766695
4,53 pitt st,-73.98318243,40.71765878
4,67 ludlow st,-73.98999878,40.71738659
4,67 ludlow st,-73.98999878,40.71738659
4,67 ludlow st,-73.98999878,40.71738659
4,67 ludlow st,-73.98999878,40.71738659
4,67 ludlow st,-73.98999878,40.71738659
4,324 gra st,-73.99036393,40.71732193
4,319 gra st,-73.99094612,40.7170722
4,323 gra st,-73.99068542,40.71698752
4,329 gra st,-73.99045265,40.71692718
4,333 gra st,-73.99030886,40.71686203
4,62 orcha st,-73.99063213,40.7168271
4,119 hester st,-73.99340601,40.7167992
4,119 hester st,-73.99340601,40.7167992
4,55 orcha st,-73.99122742,40.71669964
4,345 gra st,-73.9897421,40.71669577
4,345 gra st,-73.9897421,40.71669577
4,353 gra st,-73.98947074,40.71665048
4,56 ludlow st,-73.98988599,40.71658721
4,56 ludlow st,-73.98988599,40.71658721
4,145 clinton st,-73.98675392,40.71658296
4,51 orcha st,-73.99129264,40.71657123
4,51 orcha st,-73.99129264,40.71657123
4,384 gra st,-73.98763464,40.71650177
4,384 gra st,-73.98763464,40.71650177
4,384 gra st,-73.98763464,40.71650177
4,47 ludlow st,-73.99047141,40.71647016
4,25 bialystoker pl,-73.98294253,40.71615371
4,35 essex st,-73.98976523,40.71614387
4,40 ludlow st,-73.99011725,40.71614059
4,40 ludlow st,-73.99011725,40.71614059
4,40 ludlow st,-73.99011725,40.71614059
4,29 essex st,-73.98980986,40.71589525
4,33 orcha st,-73.9917284,40.71572799
4,33 orcha st,-73.9917284,40.71572799
4,33 orcha st,-73.9917284,40.71572799
4,460 gra st,-73.98458108,40.71567113
4,38 eldridge st,-73.99294067,40.7156592
4,42 bowery,-73.99689911,40.71560302
4,48 hester st,-73.99043859,40.71556562
4,28 orcha st,-73.9912979,40.71553627
4,26 ludlow st,-73.99047766,40.71543322
4,500 gra st,-73.98243647,40.71536187
4,19 eldridge st,-73.99383952,40.7150458
4,7 essex st,-73.99036648,40.71497588
4,41 canal st,-73.99123434,40.71495348
4,41 canal st,-73.99123434,40.71495348
4,41 canal st,-73.99123434,40.71495348
4,45 canal st,-73.99138882,40.7149246
4,37 canal st,-73.99093043,40.71479658
4,228 e bway,-73.98672418,40.71459903
4,40 canal st,-73.99139421,40.7145817
4,40 canal st,-73.99139421,40.7145817
4,40 canal st,-73.99139421,40.7145817
4,40 canal st,-73.99139421,40.7145817
4,517 gra st,-73.98196547,40.71439703
4,521 gra st,-73.98184942,40.71432611
4,527 gra st,-73.98162747,40.71429701
4,257 e bway,-73.98551025,40.7142087
4,150 e bway,-73.99094727,40.71417375
4,144 e bway,-73.99121623,40.71415151
4,2 pike st,-73.99323376,40.71408952
4,215 e bway,-73.98746203,40.71405312
4,237 henry st,-73.98580954,40.71395905
4,243 henry st,-73.98551584,40.71395665
4,187 e bway,-73.98891772,40.71395581
4,187 e bway,-73.98891772,40.71395581
4,231 henry st,-73.98605233,40.71392276
4,229 henry st,-73.98613698,40.71391579
4,185 e bway,-73.98900896,40.71391268
4,169 e bway,-73.98975572,40.71384758
4,165 e bway,-73.98994569,40.71382922
4,165 e bway,-73.98994569,40.71382922
4,42 e bway,-73.99599758,40.71377318
4,137 e bway,-73.9915282,40.71373557
4,133 e bway,-73.99170751,40.71372111
4,127 e bway,-73.99197279,40.71369971
4,333 madison st,-73.98312352,40.7136538
4,333 madison st,-73.98312352,40.7136538
4,165 henry st,-73.98928252,40.71363591
4,280 henry st,-73.98361772,40.71359228
4,280 henry st,-73.98361772,40.71359228
4,139 henry st,-73.99076685,40.71353271
4,125 henry st,-73.99140269,40.71349719
4,127 henry st,-73.99130521,40.71345975
4,35 e bway,-73.99631059,40.71330864
4,172 henry st,-73.98886153,40.71326688
4,219 madison st,-73.98896048,40.71297393
4,219 madison st,-73.98896048,40.71297393
4,211 madison st,-73.98933351,40.71294354
4,197 madison st,-73.99028943,40.71276182
4,71 jackson st,-73.98088315,40.71124338
4,265 cherry st,-73.98904119,40.71083367
5,318 w 14 st,-74.00368626,40.73993032
5,235 w 13 st,-74.00160783,40.73868736
5,175 w 12 st,-74.00015061,40.7373591
5,763 washington st,-74.00796111,40.73734168
5,142 w 13 st,-73.99927043,40.73723259
5,80 5 ave,-73.99408382,40.73593905
5,30 w 13 st,-73.99599792,40.73577975
5,55 5 ave,-73.99406006,40.73473308
5,15 e 12 st,-73.99328732,40.73441214
5,4 e 12 st,-73.99405503,40.73420445
5,147 3 ave,-73.98622826,40.73404198
5,836 bway,-73.99058663,40.73357408
5,832 bway,-73.99072732,40.73342571
5,832 bway,-73.99072732,40.73342571
5,127 4 ave,-73.98963648,40.73321817
5,826 bway,-73.99066663,40.73321751
5,826 bway,-73.99066663,40.73321751
5,826 bway,-73.99066663,40.73321751
5,209 e 14 st,-73.98624859,40.73321202
5,225 e 14 st,-73.9859771,40.73309723
5,125 4 ave,-73.98965473,40.733065
5,139 e 13 st,-73.98814082,40.73304427
5,139 e 13 st,-73.98814082,40.73304427
5,120 e 13 st,-73.98896848,40.73289887
5,60 e 12 st,-73.99080056,40.73287157
5,60 e 12 st,-73.99080056,40.73287157
5,239 e 14 st,-73.98538216,40.73284568
5,106 3 ave,-73.98785447,40.73280695
5,106 3 ave,-73.98785447,40.73280695
5,816 bway,-73.99090259,40.73275433
5,816 bway,-73.99090259,40.73275433
5,816 bway,-73.99090259,40.73275433
5,816 bway,-73.99090259,40.73275433
5,816 bway,-73.99090259,40.73275433
5,816 bway,-73.99090259,40.73275433
5,70 e 12 st,-73.99040087,40.73272677
5,812 bway,-73.99088717,40.73264783
5,812 bway,-73.99088717,40.73264783
5,134 e 13 st,-73.9883777,40.73264527
5,112 4 ave,-73.9904572,40.73261385
5,810 bway,-73.99090921,40.73254613
5,102 3 ave,-73.988052,40.7325387
5,234 e 14 st,-73.98593639,40.73245294
5,229 e 13 st,-73.98649821,40.73235786
5,223 2 ave,-73.98548701,40.732295
5,102 4 ave,-73.99046354,40.73226454
5,204 e 13 st,-73.98736338,40.73225913
5,235 e 13 st,-73.98624566,40.73225118
5,100 4 ave,-73.99047459,40.73221358
5,206 e 13 st,-73.98732458,40.73220176
5,208 e 13 st,-73.98725067,40.73217055
5,221 2 ave,-73.98552532,40.73215313
5,243 e 13 st,-73.98598102,40.73213939
5,243 e 13 st,-73.98598102,40.73213939
5,243 e 13 st,-73.98598102,40.73213939
5,212 e 13 st,-73.98715397,40.7321297
5,218 e 13 st,-73.98702969,40.73207721
5,215 2 ave,-73.985627,40.73195363
5,84 3 ave,-73.98862463,40.7318727
5,236 e 13 st,-73.98628796,40.7317639
5,236 e 13 st,-73.98628796,40.7317639
5,236 e 13 st,-73.98628796,40.7317639
5,207 2 ave,-73.98584965,40.73170078
5,80 4 ave,-73.99062604,40.73168348
5,80 4 ave,-73.99062604,40.73168348
5,80 4 ave,-73.99062604,40.73168348
5,80 4 ave,-73.99062604,40.73168348
5,205 2 ave,-73.98589756,40.73163517
5,205 2 ave,-73.98589756,40.73163517
5,205 2 ave,-73.98589756,40.73163517
5,205 2 ave,-73.98589756,40.73163517
5,205 2 ave,-73.98589756,40.73163517
5,66 3 ave,-73.98880868,40.7316203
5,332 e 14 st,-73.98381097,40.73155645
5,201 2 ave,-73.98598858,40.73151053
5,85 4 ave,-73.98991147,40.7315053
5,85 4 ave,-73.98991147,40.7315053
5,199 2 ave,-73.9859968,40.73144141
5,237 e 12 st,-73.98624517,40.73141188
5,237 e 12 st,-73.98624517,40.73141188
5,237 e 12 st,-73.98624517,40.73141188
5,220 e 12 st,-73.9872224,40.7313159
5,62 3 ave,-73.98900754,40.73128426
5,60 3 ave,-73.98904953,40.73122673
5,85 e 10 st,-73.98960162,40.73118174
5,58 3 ave,-73.98909044,40.73117068
5,215 e 11 st,-73.98765953,40.73116534
5,198 2 ave,-73.98539069,40.73113683
5,80 e 10 st,-73.99008941,40.73099835
5,80 e 10 st,-73.99008941,40.73099835
5,349 e 13 st,-73.98336179,40.73093757
5,65 4 ave,-73.99016681,40.73092169
5,86 e 10 st,-73.98987823,40.73083407
5,88 e 10 st,-73.98981335,40.7308068
5,321 e 12 st,-73.98480413,40.73080405
5,342 e 13 st,-73.9839534,40.73078071
5,188 2 ave,-73.98568356,40.73077243
5,188 2 ave,-73.98568356,40.73077243
5,302 e 12 st,-73.98553892,40.73061307
5,182 2 ave,-73.9858136,40.73059389
5,105 e 9 st,-73.9900512,40.73053877
5,105 e 9 st,-73.9900512,40.73053877
5,105 e 9 st,-73.9900512,40.73053877
5,176 2 ave,-73.98594509,40.73041333
5,129 e 10 st,-73.98755133,40.7303342
5,129 e 10 st,-73.98755133,40.7303342
5,221 ave a,-73.98083326,40.73026156
5,221 ave a,-73.98083326,40.73026156
5,31 3 ave,-73.98897215,40.73026043
5,21 astor pl,-73.99179487,40.7301235
5,170 2 ave,-73.98612375,40.73008999
5,420 e 13 st,-73.98232134,40.73008845
5,420 e 13 st,-73.98232134,40.73008845
5,218 ave a,-73.98032817,40.72996044
5,432 e 13 st,-73.98189893,40.72991146
5,432 e 13 st,-73.98189893,40.72991146
5,214 ave a,-73.98039653,40.72986661
5,436 e 13 st,-73.98178462,40.72986336
5,436 e 13 st,-73.98178462,40.72986336
5,417 e 12 st,-73.98250606,40.72983422
5,440 e 13 st,-73.98163161,40.72979898
5,440 e 13 st,-73.98163161,40.72979898
5,448 e 13 st,-73.98120861,40.72974573
5,29 3 ave,-73.98925915,40.72973103
5,740 bway,-73.99233836,40.7296867
5,212 e 9 st,-73.98878702,40.72963951
5,203 ave a,-73.9813487,40.72955329
5,201 ave a,-73.98139345,40.72949185
5,199 ave a,-73.98143749,40.72943139
5,342 e 11 st,-73.98453574,40.72940535
5,342 e 11 st,-73.98453574,40.72940535
5,342 e 11 st,-73.98453574,40.72940535
5,540 e 14 st,-73.97864481,40.72937652
5,152 2 ave,-73.98667366,40.72935159
5,430 lafayette st,-73.99246572,40.72926232
5,237 e 10 st,-73.98490331,40.72921478
5,539 e 13 st,-73.97899,40.72918843
5,227 ave b,-73.97801086,40.72916469
5,541 e 13 st,-73.97891038,40.72915476
5,4 st marks pl,-73.98963595,40.72914679
5,518 e 13 st,-73.98005611,40.7291385
5,726 bway,-73.99286288,40.729134
5,602 e 14 st,-73.97786862,40.72910509
5,10 st marks pl,-73.98939048,40.72904321
5,228 e 10 st,-73.98548798,40.72898406
5,406 e 11 st,-73.98356616,40.72896023
5,323 e 9 st,-73.98596929,40.72888673
5,20 st marks pl,-73.98897975,40.72886989
5,133 2 ave,-73.98792246,40.72886527
5,412 e 11 st,-73.98332935,40.7288599
5,140 2 ave,-73.98704214,40.72884822
5,140 2 ave,-73.98704214,40.72884822
5,140 2 ave,-73.98704214,40.72884822
5,414 e 11 st,-73.98325098,40.7288267
5,329 e 9 st,-73.98579553,40.72881357
5,215 ave b,-73.97821052,40.72878078
5,525 e 12 st,-73.98000104,40.72878041
5,174 bleecker st,-74.00083574,40.7287441
5,314 e 9 st,-73.98662649,40.72869504
5,504 e 12 st,-73.98097783,40.72868969
5,337 e 9 st,-73.98549581,40.72868738
5,508 e 12 st,-73.98085911,40.72863965
5,136 2 ave,-73.9870882,40.72863063
5,257 e 10 st,-73.98350354,40.72862236
5,29 e 7 st,-73.98907446,40.72859566
5,626 e 14 st,-73.9767807,40.72859149
5,261 e 10 st,-73.98334483,40.72855512
5,539 e 12 st,-73.97946079,40.72855241
5,174 ave a,-73.98137526,40.72852381
5,174 ave a,-73.98137526,40.72852381
5,47 st marks pl,-73.98679105,40.72846907
5,345 e 9 st,-73.98523814,40.72846741
5,173 ave a,-73.9821286,40.72846523
5,127 2 ave,-73.98816828,40.72846365
5,127 2 ave,-73.98816828,40.72846365
5,37 e 7 st,-73.9887535,40.72846021
5,436 e 11 st,-73.9823798,40.72845761
5,51 st marks pl,-73.98662724,40.7284089
5,340 e 9 st,-73.98583586,40.72836268
5,14 w 4 st,-73.99492708,40.72831287
5,277 e 10 st,-73.98271468,40.72828905
5,128 2 ave,-73.98746273,40.72826075
5,165 ave a,-73.98229944,40.72823229
5,348 e 9 st,-73.9855164,40.72822766
5,168 ave a,-73.98168831,40.72815094
5,36 e 7 st,-73.98905409,40.72814553
5,67 st marks pl,-73.98600073,40.72813633
5,67 st marks pl,-73.98600073,40.72813633
5,124 2 ave,-73.98755566,40.72813267
5,69 st marks pl,-73.98592214,40.72810324
5,120 2 ave,-73.98764888,40.72800418
5,202 e 6 st,-73.99047521,40.72800328
5,14 e 4 st,-73.99377425,40.72799806
5,417 e 9 st,-73.98383644,40.72798768
5,115 2 ave,-73.98848854,40.72794702
5,115 2 ave,-73.98848854,40.72794702
5,539 e 11 st,-73.97996772,40.72793203
5,49 e 7 st,-73.98739811,40.72791513
5,182 ave b,-73.97951275,40.72782524
5,4 great jones st,-73.9939253,40.72777186
5,433 e 9 st,-73.98328463,40.72775695
5,218 e 6 st,-73.98991278,40.727742
5,226 e 6 st,-73.98959972,40.72760989
5,226 e 6 st,-73.98959972,40.72760989
5,228 e 6 st,-73.98952111,40.72757672
5,441 e 9 st,-73.98301898,40.72753806
5,383 lafayette st,-73.99286219,40.72750678
5,428 e 9 st,-73.98363051,40.72742286
5,81 e 7 st,-73.98613065,40.72738652
5,81 e 7 st,-73.98613065,40.72738652
5,329 e 10 st,-73.98052053,40.7273657
5,170 ave b,-73.97982975,40.72732741
5,97 2 ave,-73.98901531,40.72731899
5,335 e 10 st,-73.98028152,40.72726575
5,337 e 10 st,-73.98020537,40.72723153
5,102 2 ave,-73.98838148,40.7272106
5,38 e 4 st,-73.99219958,40.72715666
5,38 e 4 st,-73.99219958,40.72715666
5,304 e 6 st,-73.9881797,40.72712548
5,100 2 ave,-73.98835129,40.72711839
5,650 e 12 st,-73.97725392,40.7271175
5,98 2 ave,-73.98839425,40.72705885
5,98 2 ave,-73.98839425,40.72705885
5,82 e 7 st,-73.98637583,40.72705341
5,104 st marks pl,-73.98451977,40.72702338
5,96 2 ave,-73.98843714,40.72699941
5,121 st marks pl,-73.98336417,40.72698666
5,188 ave c,-73.97584249,40.7269622
5,658 bway,-73.99508444,40.72691138
5,67 e 4 st,-73.99051171,40.72689343
5,314 e 6 st,-73.98784978,40.72687101
5,31 great jones st,-73.99327605,40.72682883
5,357 bowery,-73.99131542,40.72674854
5,357 bowery,-73.99131542,40.72674854
5,350 bowery,-73.99204169,40.72673876
5,54 great jones st,-73.99217989,40.72672132
5,79 e 4 st,-73.99000277,40.72667193
5,1 bo st,-73.99475949,40.72665652
5,330 e 6 st,-73.98721852,40.72660465
5,121 e 7 st,-73.98419223,40.72656755
5,7 bo st,-73.99456581,40.72656027
5,45 great jones st,-73.99270803,40.72654622
5,121 ave a,-73.98347679,40.7265403
5,123 e 7 st,-73.98411805,40.7265363
5,123 e 7 st,-73.98411805,40.7265363
5,123 e 7 st,-73.98411805,40.7265363
5,336 e 6 st,-73.98698203,40.72650486
5,119 ave a,-73.98356817,40.72650224
5,644 bway,-73.99541484,40.72648223
5,644 bway,-73.99541484,40.72648223
5,117 ave a,-73.98361032,40.72644399
5,40 bo st,-73.99315034,40.72643294
5,65 bleecker st,-73.99499582,40.72635984
5,65 bleecker st,-73.99499582,40.72635984
5,65 bleecker st,-73.99499582,40.72635984
5,344 bowery,-73.99218777,40.72632598
5,171 ave c,-73.97756024,40.72630812
5,66 e 4 st,-73.99059527,40.72628436
5,415 e 6 st,-73.98529048,40.72626321
5,13 e 3 st,-73.99080918,40.72620534
5,50 bo st,-73.99256478,40.72616643
5,636 bway,-73.99558941,40.72613898
5,427 e 6 st,-73.9848636,40.72608313
5,128 e 7 st,-73.98414576,40.72607575
5,429 e 6 st,-73.9847859,40.72605035
5,61 2 ave,-73.98993667,40.72604483
5,380 e 10 st,-73.97850491,40.72604019
5,337 lafayette st,-73.99433452,40.72603995
5,107 ave a,-73.98392853,40.72601521
5,730 e 12 st,-73.9750583,40.72600937
5,137 ave b,-73.9802805,40.72597811
5,103 ave a,-73.98398794,40.72593325
5,437 e 6 st,-73.98446791,40.7259162
5,132 e 7 st,-73.9833743,40.72583377
5,132 e 7 st,-73.9833743,40.72583377
5,132 e 7 st,-73.9833743,40.72583377
5,132 e 7 st,-73.9833743,40.72583377
5,610 e 9 st,-73.9798102,40.72580924
5,49 bo st,-73.99290995,40.72579791
5,99 ave a,-73.98408641,40.72579739
5,27 bleecker st,-73.99351829,40.72575752
5,53 bo st,-73.99271249,40.72572183
5,53 bo st,-73.99271249,40.72572183
5,21 bleecker st,-73.99327516,40.72568873
5,56 2 ave,-73.98951069,40.72563809
5,36 bleecker st,-73.99408887,40.7254637
5,36 bleecker st,-73.99408887,40.7254637
5,36 bleecker st,-73.99408887,40.7254637
5,150 e 7 st,-73.98259296,40.72542207
5,26 e 2 st,-73.99077451,40.72531203
5,67 e 3 st,-73.98861502,40.72529399
5,124 e 4 st,-73.98778693,40.72525623
5,30 e 2 st,-73.9906081,40.72525427
5,420 e 10 st,-73.97663786,40.72524938
5,519 e 6 st,-73.98279302,40.72521454
5,424 e 10 st,-73.97645465,40.72517252
5,79 ave a,-73.98452684,40.7251134
5,298 mulberry st,-73.99441732,40.72509779
5,312 bowery,-73.99267472,40.7250862
5,434 e 10 st,-73.97619038,40.72506165
5,85 e 3 st,-73.98804005,40.72505166
5,306 mott st,-73.9937948,40.72500309
5,195 e 7 st,-73.980303,40.7248872
5,91 e 3 st,-73.98775467,40.72485756
5,31 2 ave,-73.99081518,40.72479679
5,82 e 3 st,-73.98838798,40.72471103
5,84 e 3 st,-73.98830793,40.72467718
5,88 e 3 st,-73.98815304,40.72461168
5,217 e 7 st,-73.97947018,40.72457986
5,190 e 7 st,-73.98084939,40.72455317
5,122 ave c,-73.97828351,40.72445526
5,212 e 7 st,-73.9798513,40.7242665
5,193 e 4 st,-73.98422241,40.72424241
5,193 e 4 st,-73.98422241,40.72424241
5,193 e 4 st,-73.98422241,40.72424241
5,127 ave d,-73.97597431,40.72424144
5,524 e 5 st,-73.98334767,40.7241861
5,623 e 6 st,-73.98028687,40.72415645
5,199 e 4 st,-73.98398646,40.72414249
5,52 ave a,-73.9845938,40.72393887
5,630 e 6 st,-73.9804561,40.72374987
5,231 e 4 st,-73.98286827,40.72366892
5,103 e 2 st,-73.98754189,40.72351266
5,103 e 2 st,-73.98754189,40.72351266
5,220 e 4 st,-73.98353347,40.72346665
5,254 e 7 st,-73.9778681,40.72342725
5,32 ave a,-73.98522705,40.72328798
5,185 e 3 st,-73.98366755,40.7232102
5,160 e 3 st,-73.98478262,40.72318746
5,160 e 3 st,-73.98478262,40.72318746
5,191 e 3 st,-73.98339557,40.72309499
5,147 e houston st,-73.98969071,40.72296292
5,176 e 3 st,-73.98414103,40.72291101
5,256 e 4 st,-73.98199942,40.72281594
5,41 ave b,-73.98254081,40.72281351
5,41 ave b,-73.98254081,40.72281351
5,170 e 2 st,-73.98464333,40.72278153
5,287 e 4 st,-73.98064102,40.72272694
5,192 e 3 st,-73.98364093,40.72270033
5,192 e 3 st,-73.98364093,40.72270033
5,37 ave b,-73.98262788,40.72269419
5,20 ave a,-73.98564308,40.7226933
5,9 ave a,-73.98632695,40.72266401
5,186 e 2 st,-73.98413589,40.72256761
5,56 ave c,-73.97983424,40.72234673
5,67 ave d,-73.97737976,40.72230327
5,181 e 2 st,-73.98451029,40.72221792
5,63 ave d,-73.97747043,40.72216219
5,63 ave d,-73.97747043,40.72216219
5,250 e houston st,-73.98491111,40.72209536
5,250 e houston st,-73.98491111,40.72209536
5,250 e houston st,-73.98491111,40.72209536
5,191 chrystie st,-73.99227603,40.72199716
5,14 ave b,-73.98374338,40.72198749
5,234 e 2 st,-73.98209515,40.72170675
5,181 chrystie st,-73.99239938,40.721628
5,274 e 3 st,-73.98045817,40.72138536
5,199 mott st,-73.99588235,40.72125643
5,301 e houston st,-73.98372292,40.72118446
5,25 ave d,-73.9783095,40.72103785
5,280 e 2 st,-73.97993942,40.72087334
5,280 e 2 st,-73.97993942,40.72087334
5,331 e houston st,-73.98259267,40.72076753
5,10 ave d,-73.97638496,40.72069044
5,310 e 2 st,-73.97885559,40.7203531
5,442 bway,-74.00086025,40.72000407
5,141 attorney st,-73.98389444,40.71989431
5,w bway,-74.00708256,40.71795383
